NIRSpec_ID	redshift	JADES_FILENAME_F070LP-G140M	JADES_FILENAME_F170LP-G235M	JADES_FILENAME_F290LP-G395M	MAST_FILENAME_F070LP-G140M	MAST_FILENAME_F170LP-G235M	MAST_FILENAME_F290LP-G395M	NAME	Ha_ini	Ha_end	Hb_ini	Hb_end	[OIII]_ini	[OIII]_end
3184	3.46762	hlsp_jades_jwst_nirspec_goods-s-deephst-00003184_f070lp-g140m_v1.0_x1d.fits	hlsp_jades_jwst_nirspec_goods-s-deephst-00003184_f170lp-g235m_v1.0_x1d.fits	hlsp_jades_jwst_nirspec_goods-s-deephst-00003184_f290lp-g395m_v1.0_x1d.fits			jw01210-o001_s000013491_nirspec_f290lp-g395m_x1d.fits	Clarisa	6470	6620	4789	4887	4910	5073
3334	6.70593	hlsp_jades_jwst_nirspec_goods-s-deephst-00003334_f070lp-g140m_v1.0_x1d.fits	hlsp_jades_jwst_nirspec_goods-s-deephst-00003334_f170lp-g235m_v1.0_x1d.fits	hlsp_jades_jwst_nirspec_goods-s-deephst-00003334_f290lp-g395m_v1.0_x1d.fits			jw01210-o001_b000000274_nirspec_f290lp-g395m_x1d.fits	Gabriela	6543	6583	4783	4874	4922	5031
3968	5.76847043540196	hlsp_jades_jwst_nirspec_goods-s-deephst-00003968_f070lp-g140m_v1.0_x1d.fits	hlsp_jades_jwst_nirspec_goods-s-deephst-00003968_f170lp-g235m_v1.0_x1d.fits	hlsp_jades_jwst_nirspec_goods-s-deephst-00003968_f290lp-g395m_v1.0_x1d.fits			jw01210-o001_s000000023_nirspec_f290lp-g395m_x1d.fits	Lorena	6523	6602	4783	4874	4922	5031
4197	3.748809	hlsp_jades_jwst_nirspec_goods-s-deephst-00004197_f070lp-g140m_v1.0_x1d.fits	hlsp_jades_jwst_nirspec_goods-s-deephst-00004197_f170lp-g235m_v1.0_x1d.fits	hlsp_jades_jwst_nirspec_goods-s-deephst-00004197_f290lp-g395m_v1.0_x1d.fits			jw01210-o001_s000009491_nirspec_f290lp-g395m_x1d.fits	Margarita	6512	6586	4784	4874	4922	5031
4270	4.02261238702772	hlsp_jades_jwst_nirspec_goods-s-deephst-00004270_f070lp-g140m_v1.0_x1d.fits	hlsp_jades_jwst_nirspec_goods-s-deephst-00004270_f170lp-g235m_v1.0_x1d.fits	hlsp_jades_jwst_nirspec_goods-s-deephst-00004270_f290lp-g395m_v1.0_x1d.fits			jw01210-o001_s000009489_nirspec_f290lp-g395m_x1d.fits	Noelia	6503	6625	4795	4872	4912	5119
4282	3.599695	hlsp_jades_jwst_nirspec_goods-s-deephst-00004282_f070lp-g140m_v1.0_x1d.fits	hlsp_jades_jwst_nirspec_goods-s-deephst-00004282_f170lp-g235m_v1.0_x1d.fits	hlsp_jades_jwst_nirspec_goods-s-deephst-00004282_f290lp-g395m_v1.0_x1d.fits			jw01210-o001_b000000281_nirspec_f290lp-g395m_x1d.fits	Panchita	6520	6605	4818	4897	4934	5042
4297	6.712776	hlsp_jades_jwst_nirspec_goods-s-deephst-00004297_f070lp-g140m_v1.0_x1d.fits	hlsp_jades_jwst_nirspec_goods-s-deephst-00004297_f170lp-g235m_v1.0_x1d.fits	hlsp_jades_jwst_nirspec_goods-s-deephst-00004297_f290lp-g395m_v1.0_x1d.fits			jw01210-o001_b000000256_nirspec_f290lp-g395m_x1d.fits	Carla	6550	6585	4841	4882	4932	5031
4404	5.763688	hlsp_jades_jwst_nirspec_goods-s-deephst-00004404_f070lp-g140m_v1.0_x1d.fits	hlsp_jades_jwst_nirspec_goods-s-deephst-00004404_f170lp-g235m_v1.0_x1d.fits	hlsp_jades_jwst_nirspec_goods-s-deephst-00004404_f290lp-g395m_v1.0_x1d.fits			jw01210-o001_s000015099_nirspec_f290lp-g395m_x1d.fits	Gina	6538	6613	4832	4898	4929	5057
5329	3.5873007444784	hlsp_jades_jwst_nirspec_goods-s-deephst-00005329_f070lp-g140m_v1.0_x1d.fits	hlsp_jades_jwst_nirspec_goods-s-deephst-00005329_f170lp-g235m_v1.0_x1d.fits	hlsp_jades_jwst_nirspec_goods-s-deephst-00005329_f290lp-g395m_v1.0_x1d.fits			jw01210-o001_s000013301_nirspec_f290lp-g395m_x1d.fits	Betty	6513	6600	4829	4896	4919	5054
5457	4.8631511339788	hlsp_jades_jwst_nirspec_goods-s-deephst-00005457_f070lp-g140m_v1.0_x1d.fits	hlsp_jades_jwst_nirspec_goods-s-deephst-00005457_f170lp-g235m_v1.0_x1d.fits	hlsp_jades_jwst_nirspec_goods-s-deephst-00005457_f290lp-g395m_v1.0_x1d.fits			jw01210-o001_s000000054_nirspec_f290lp-g395m_x1d.fits	Melanny	6513	6600	4829	4896	4919	5054
5759	5.05189382127941	hlsp_jades_jwst_nirspec_goods-s-deephst-00005759_f070lp-g140m_v1.0_x1d.fits	hlsp_jades_jwst_nirspec_goods-s-deephst-00005759_f170lp-g235m_v1.0_x1d.fits	hlsp_jades_jwst_nirspec_goods-s-deephst-00005759_f290lp-g395m_v1.0_x1d.fits			jw01210-o001_s000005233_nirspec_f290lp-g395m_x1d.fits	Giorgina	6525	6585	4801	4883	4896	5043
6002	5.93685818347379	hlsp_jades_jwst_nirspec_goods-s-deephst-00006002_f070lp-g140m_v1.0_x1d.fits	hlsp_jades_jwst_nirspec_goods-s-deephst-00006002_f170lp-g235m_v1.0_x1d.fits	hlsp_jades_jwst_nirspec_goods-s-deephst-00006002_f290lp-g395m_v1.0_x1d.fits			jw01210-o001_s000015125_nirspec_f290lp-g395m_x1d.fits	Lizzy	6539	6585	4838	4890	4931	5053
6246	5.56159788939357	hlsp_jades_jwst_nirspec_goods-s-deephst-00006246_f070lp-g140m_v1.0_x1d.fits	hlsp_jades_jwst_nirspec_goods-s-deephst-00006246_f170lp-g235m_v1.0_x1d.fits	hlsp_jades_jwst_nirspec_goods-s-deephst-00006246_f290lp-g395m_v1.0_x1d.fits			jw01210-o001_b000000258_nirspec_f290lp-g395m_x1d.fits	Mary	6539	6600	4838	4890	4931	5053
6384	5.61541238216689	hlsp_jades_jwst_nirspec_goods-s-deephst-00006384_f070lp-g140m_v1.0_x1d.fits	hlsp_jades_jwst_nirspec_goods-s-deephst-00006384_f170lp-g235m_v1.0_x1d.fits	hlsp_jades_jwst_nirspec_goods-s-deephst-00006384_f290lp-g395m_v1.0_x1d.fits			jw01210-o001_s000013877_nirspec_f290lp-g395m_x1d.fits	Jane	6520	6602	4806	4892	4929	5084
7507	4.04428024657048	hlsp_jades_jwst_nirspec_goods-s-deephst-00007507_f070lp-g140m_v1.0_x1d.fits	hlsp_jades_jwst_nirspec_goods-s-deephst-00007507_f170lp-g235m_v1.0_x1d.fits	hlsp_jades_jwst_nirspec_goods-s-deephst-00007507_f290lp-g395m_v1.0_x1d.fits			jw01210-o001_s000009306_nirspec_f290lp-g395m_x1d.fits	Ann	6506	6601	4801	4896	4909	5051
7624	4.854	hlsp_jades_jwst_nirspec_goods-s-deephst-00007624_f070lp-g140m_v1.0_x1d.fits	hlsp_jades_jwst_nirspec_goods-s-deephst-00007624_f170lp-g235m_v1.0_x1d.fits	hlsp_jades_jwst_nirspec_goods-s-deephst-00007624_f290lp-g395m_v1.0_x1d.fits			jw01210-o001_b000000113_nirspec_f290lp-g395m_x1d.fits	Mitzi	6531	6574	4793	4819	4914	5062
7762	4.14863310108243	hlsp_jades_jwst_nirspec_goods-s-deephst-00007762_f070lp-g140m_v1.0_x1d.fits	hlsp_jades_jwst_nirspec_goods-s-deephst-00007762_f170lp-g235m_v1.0_x1d.fits	hlsp_jades_jwst_nirspec_goods-s-deephst-00007762_f290lp-g395m_v1.0_x1d.fits			jw01210-o001_s000015157_nirspec_f290lp-g395m_x1d.fits	Hilary	6506	6615	4809	4897	4927	5077
7809	3.57819206358422	hlsp_jades_jwst_nirspec_goods-s-deephst-00007809_f070lp-g140m_v1.0_x1d.fits	hlsp_jades_jwst_nirspec_goods-s-deephst-00007809_f170lp-g235m_v1.0_x1d.fits	hlsp_jades_jwst_nirspec_goods-s-deephst-00007809_f290lp-g395m_v1.0_x1d.fits			jw01210-o001_s000009694_nirspec_f290lp-g395m_x1d.fits	Sandy	6506	6615	4809	4897	4927	5077
7892	4.22872754610498	hlsp_jades_jwst_nirspec_goods-s-deephst-00007892_f070lp-g140m_v1.0_x1d.fits	hlsp_jades_jwst_nirspec_goods-s-deephst-00007892_f170lp-g235m_v1.0_x1d.fits	hlsp_jades_jwst_nirspec_goods-s-deephst-00007892_f290lp-g395m_v1.0_x1d.fits			jw01210-o001_s000009451_nirspec_f290lp-g395m_x1d.fits	Vera	6510	6610	4811	4882	4930	5073
7938	4.80631123887867	hlsp_jades_jwst_nirspec_goods-s-deephst-00007938_f070lp-g140m_v1.0_x1d.fits	hlsp_jades_jwst_nirspec_goods-s-deephst-00007938_f170lp-g235m_v1.0_x1d.fits	hlsp_jades_jwst_nirspec_goods-s-deephst-00007938_f290lp-g395m_v1.0_x1d.fits			jw01210-o001_s000009695_nirspec_f290lp-g395m_x1d.fits	Henrietta	6510	6608	4821	4901	4918	5060
8013	8.47315	hlsp_jades_jwst_nirspec_goods-s-deephst-00008013_f070lp-g140m_v1.0_x1d.fits	hlsp_jades_jwst_nirspec_goods-s-deephst-00008013_f170lp-g235m_v1.0_x1d.fits	hlsp_jades_jwst_nirspec_goods-s-deephst-00008013_f290lp-g395m_v1.0_x1d.fits			jw01210-o001_s000006139_nirspec_f290lp-g395m_x1d.fits	Analú	6510	6608	4847	4881	4926	5033
8079	7.258982	hlsp_jades_jwst_nirspec_goods-s-deephst-00008079_f070lp-g140m_v1.0_x1d.fits	hlsp_jades_jwst_nirspec_goods-s-deephst-00008079_f170lp-g235m_v1.0_x1d.fits	hlsp_jades_jwst_nirspec_goods-s-deephst-00008079_f290lp-g395m_v1.0_x1d.fits			jw01210-o001_s000005115_nirspec_f290lp-g395m_x1d.fits	Maribel	6510	6620	4815	4910	4918	5060
8083	4.6487198664651	hlsp_jades_jwst_nirspec_goods-s-deephst-00008083_f070lp-g140m_v1.0_x1d.fits	hlsp_jades_jwst_nirspec_goods-s-deephst-00008083_f170lp-g235m_v1.0_x1d.fits	hlsp_jades_jwst_nirspec_goods-s-deephst-00008083_f290lp-g395m_v1.0_x1d.fits			jw01210-o001_s000009515_nirspec_f290lp-g395m_x1d.fits	Marina	6494	6630	4824	4887	4927	5072
8113	4.90277103561231	hlsp_jades_jwst_nirspec_goods-s-deephst-00008113_f070lp-g140m_v1.0_x1d.fits	hlsp_jades_jwst_nirspec_goods-s-deephst-00008113_f170lp-g235m_v1.0_x1d.fits	hlsp_jades_jwst_nirspec_goods-s-deephst-00008113_f290lp-g395m_v1.0_x1d.fits			jw01210-o001_s000013846_nirspec_f290lp-g395m_x1d.fits	Fabia	6528	6699	4810	4884	4907	5046
9422	5.935895	hlsp_jades_jwst_nirspec_goods-s-deephst-00009422_f070lp-g140m_v1.0_x1d.fits	hlsp_jades_jwst_nirspec_goods-s-deephst-00009422_f170lp-g235m_v1.0_x1d.fits	hlsp_jades_jwst_nirspec_goods-s-deephst-00009422_f290lp-g395m_v1.0_x1d.fits			jw01210-o001_s000013176_nirspec_f290lp-g395m_x1d.fits	Nayli	6531	6600	4828	4891	4931	5064
9452	5.12243857379367	hlsp_jades_jwst_nirspec_goods-s-deephst-00009452_f070lp-g140m_v1.0_x1d.fits	hlsp_jades_jwst_nirspec_goods-s-deephst-00009452_f170lp-g235m_v1.0_x1d.fits	hlsp_jades_jwst_nirspec_goods-s-deephst-00009452_f290lp-g395m_v1.0_x1d.fits			jw01210-o001_s000036976_nirspec_f290lp-g395m_x1d.fits	Verónica	6540	6625	4815	4902	4945	5138
9743	5.44012039584156	hlsp_jades_jwst_nirspec_goods-s-deephst-00009743_f070lp-g140m_v1.0_x1d.fits	hlsp_jades_jwst_nirspec_goods-s-deephst-00009743_f170lp-g235m_v1.0_x1d.fits	hlsp_jades_jwst_nirspec_goods-s-deephst-00009743_f290lp-g395m_v1.0_x1d.fits			jw01210-o001_s000002075_nirspec_f290lp-g395m_x1d.fits	Karolina	6537	6639	4788	4896	4913	5087
16625	6.630648	hlsp_jades_jwst_nirspec_goods-s-deephst-00016625_f070lp-g140m_v1.0_x1d.fits	hlsp_jades_jwst_nirspec_goods-s-deephst-00016625_f170lp-g235m_v1.0_x1d.fits	hlsp_jades_jwst_nirspec_goods-s-deephst-00016625_f290lp-g395m_v1.0_x1d.fits			jw01210-o001_s000009903_nirspec_f290lp-g395m_x1d.fits	Angelina	6541	6585	4828	4885	4912	5068
16745	5.56655234405774	hlsp_jades_jwst_nirspec_goods-s-deephst-00016745_f070lp-g140m_v1.0_x1d.fits	hlsp_jades_jwst_nirspec_goods-s-deephst-00016745_f170lp-g235m_v1.0_x1d.fits	hlsp_jades_jwst_nirspec_goods-s-deephst-00016745_f290lp-g395m_v1.0_x1d.fits			jw01210-o001_s000013577_nirspec_f290lp-g395m_x1d.fits	Shakira	6522	6637	4838	4897	4916	5067
17072	4.70200977971638	hlsp_jades_jwst_nirspec_goods-s-deephst-00017072_f070lp-g140m_v1.0_x1d.fits	hlsp_jades_jwst_nirspec_goods-s-deephst-00017072_f170lp-g235m_v1.0_x1d.fits	hlsp_jades_jwst_nirspec_goods-s-deephst-00017072_f290lp-g395m_v1.0_x1d.fits			jw01210-o001_s000009849_nirspec_f290lp-g395m_x1d.fits	Gladys	6514	6593	4810	4887	4908	5050
17260	4.88512714601353	hlsp_jades_jwst_nirspec_goods-s-deephst-00017260_f070lp-g140m_v1.0_x1d.fits	hlsp_jades_jwst_nirspec_goods-s-deephst-00017260_f170lp-g235m_v1.0_x1d.fits	hlsp_jades_jwst_nirspec_goods-s-deephst-00017260_f290lp-g395m_v1.0_x1d.fits			jw01210-o001_s000013854_nirspec_f290lp-g395m_x1d.fits	Albertina	6530	6605	4827	4892	4938	5040
17566	6.101534	hlsp_jades_jwst_nirspec_goods-s-deephst-00017566_f070lp-g140m_v1.0_x1d.fits	hlsp_jades_jwst_nirspec_goods-s-deephst-00017566_f170lp-g235m_v1.0_x1d.fits	hlsp_jades_jwst_nirspec_goods-s-deephst-00017566_f290lp-g395m_v1.0_x1d.fits			jw01210-o001_s000009867_nirspec_f290lp-g395m_x1d.fits	Emily	6542	6592	4836	4887	4936	5051
17777	4.13366013096712	hlsp_jades_jwst_nirspec_goods-s-deephst-00017777_f070lp-g140m_v1.0_x1d.fits	hlsp_jades_jwst_nirspec_goods-s-deephst-00017777_f170lp-g235m_v1.0_x1d.fits	hlsp_jades_jwst_nirspec_goods-s-deephst-00017777_f290lp-g395m_v1.0_x1d.fits			jw01210-o001_s000009858_nirspec_f290lp-g395m_x1d.fits	Carol	6494	6609	4793	4899	4916	5098
18028	3.73094591607022	hlsp_jades_jwst_nirspec_goods-s-deephst-00018028_f070lp-g140m_v1.0_x1d.fits	hlsp_jades_jwst_nirspec_goods-s-deephst-00018028_f170lp-g235m_v1.0_x1d.fits	hlsp_jades_jwst_nirspec_goods-s-deephst-00018028_f290lp-g395m_v1.0_x1d.fits			jw01210-o001_s000013352_nirspec_f290lp-g395m_x1d.fits	Cathy	6502	6616	4793	4901	4903	5087
18090	4.77562372049334	hlsp_jades_jwst_nirspec_goods-s-deephst-00018090_f070lp-g140m_v1.0_x1d.fits	hlsp_jades_jwst_nirspec_goods-s-deephst-00018090_f170lp-g235m_v1.0_x1d.fits	hlsp_jades_jwst_nirspec_goods-s-deephst-00018090_f290lp-g395m_v1.0_x1d.fits			jw01210-o001_s000009891_nirspec_f290lp-g395m_x1d.fits	Kim	6502	6622	4807	4899	4907	5075
18846	6.335054	hlsp_jades_jwst_nirspec_goods-s-deephst-00018846_f070lp-g140m_v1.0_x1d.fits	hlsp_jades_jwst_nirspec_goods-s-deephst-00018846_f170lp-g235m_v1.0_x1d.fits	hlsp_jades_jwst_nirspec_goods-s-deephst-00018846_f290lp-g395m_v1.0_x1d.fits			jw01210-o001_s000013197_nirspec_f290lp-g395m_x1d.fits	Rigoberta	6535	6615	4828	4891	4919	5043
18970	3.72458828704365	hlsp_jades_jwst_nirspec_goods-s-deephst-00018970_f070lp-g140m_v1.0_x1d.fits	hlsp_jades_jwst_nirspec_goods-s-deephst-00018970_f170lp-g235m_v1.0_x1d.fits	hlsp_jades_jwst_nirspec_goods-s-deephst-00018970_f290lp-g395m_v1.0_x1d.fits			jw01210-o001_s000018970_nirspec_f290lp-g395m_x1d.fits	Lili	6535	6615	4828	4891	4919	5043
18976	6.327052	hlsp_jades_jwst_nirspec_goods-s-deephst-00018976_f070lp-g140m_v1.0_x1d.fits	hlsp_jades_jwst_nirspec_goods-s-deephst-00018976_f170lp-g235m_v1.0_x1d.fits	hlsp_jades_jwst_nirspec_goods-s-deephst-00018976_f290lp-g395m_v1.0_x1d.fits			jw01210-o001_s000008253_nirspec_f290lp-g395m_x1d.fits	Nataly	6549	6589	4838	4881	4931	5036
19342	5.974287	hlsp_jades_jwst_nirspec_goods-s-deephst-00019342_f070lp-g140m_v1.0_x1d.fits	hlsp_jades_jwst_nirspec_goods-s-deephst-00019342_f170lp-g235m_v1.0_x1d.fits	hlsp_jades_jwst_nirspec_goods-s-deephst-00019342_f290lp-g395m_v1.0_x1d.fits			jw01210-o001_s000009880_nirspec_f290lp-g395m_x1d.fits	Barbara	6532	6587	4830	4901	4918	5036
19519	3.60450973158305	hlsp_jades_jwst_nirspec_goods-s-deephst-00019519_f070lp-g140m_v1.0_x1d.fits	hlsp_jades_jwst_nirspec_goods-s-deephst-00019519_f170lp-g235m_v1.0_x1d.fits	hlsp_jades_jwst_nirspec_goods-s-deephst-00019519_f290lp-g395m_v1.0_x1d.fits			jw01210-o001_s000009873_nirspec_f290lp-g395m_x1d.fits	Paula	6495	6629	4792	4901	4910	5079
19606	5.88913558713673	hlsp_jades_jwst_nirspec_goods-s-deephst-00019606_f070lp-g140m_v1.0_x1d.fits	hlsp_jades_jwst_nirspec_goods-s-deephst-00019606_f170lp-g235m_v1.0_x1d.fits	hlsp_jades_jwst_nirspec_goods-s-deephst-00019606_f290lp-g395m_v1.0_x1d.fits			jw01210-o001_s000009414_nirspec_f290lp-g395m_x1d.fits	Itzel	6532	6596	4833	4893	4934	5038
20961	7.04457065169479	hlsp_jades_jwst_nirspec_goods-s-deephst-00020961_f070lp-g140m_v1.0_x1d.fits	hlsp_jades_jwst_nirspec_goods-s-deephst-00020961_f170lp-g235m_v1.0_x1d.fits	hlsp_jades_jwst_nirspec_goods-s-deephst-00020961_f290lp-g395m_v1.0_x1d.fits			jw01210-o001_b000000167_nirspec_f290lp-g395m_x1d.fits	Tamara	6542	6543	4815	4890	4925	5044
22251	5.79838391626917	hlsp_jades_jwst_nirspec_goods-s-deephst-00022251_f070lp-g140m_v1.0_x1d.fits	hlsp_jades_jwst_nirspec_goods-s-deephst-00022251_f170lp-g235m_v1.0_x1d.fits	hlsp_jades_jwst_nirspec_goods-s-deephst-00022251_f290lp-g395m_v1.0_x1d.fits			jw01210-o001_s000009842_nirspec_f290lp-g395m_x1d.fits	Diana	6518	6597	4820	4896	4913	5041
10000626	4.46468607001795	hlsp_jades_jwst_nirspec_goods-s-deephst-10000626_f070lp-g140m_v1.0_x1d.fits	hlsp_jades_jwst_nirspec_goods-s-deephst-10000626_f170lp-g235m_v1.0_x1d.fits	hlsp_jades_jwst_nirspec_goods-s-deephst-10000626_f290lp-g395m_v1.0_x1d.fits			jw01210-o001_s000000626_nirspec_f290lp-g395m_x1d.fits	Ulrica	6529	6615	4789	4889	4920	5068
10001587	3.43070237834676	hlsp_jades_jwst_nirspec_goods-s-deephst-10001587_f070lp-g140m_v1.0_x1d.fits	hlsp_jades_jwst_nirspec_goods-s-deephst-10001587_f170lp-g235m_v1.0_x1d.fits	hlsp_jades_jwst_nirspec_goods-s-deephst-10001587_f290lp-g395m_v1.0_x1d.fits			jw01210-o001_s000001587_nirspec_f290lp-g395m_x1d.fits	Ofelia	6502	6600	4831	4882	4928	5025
10001892	4.770522	hlsp_jades_jwst_nirspec_goods-s-deephst-10001892_f070lp-g140m_v1.0_x1d.fits	hlsp_jades_jwst_nirspec_goods-s-deephst-10001892_f170lp-g235m_v1.0_x1d.fits	hlsp_jades_jwst_nirspec_goods-s-deephst-10001892_f290lp-g395m_v1.0_x1d.fits			jw01210-o001_s000001892_nirspec_f290lp-g395m_x1d.fits	Fermina	6516	6595	4829	4905	4932	5027
10005113	5.820838	hlsp_jades_jwst_nirspec_goods-s-deephst-10005113_f070lp-g140m_v1.0_x1d.fits	hlsp_jades_jwst_nirspec_goods-s-deephst-10005113_f170lp-g235m_v1.0_x1d.fits	hlsp_jades_jwst_nirspec_goods-s-deephst-10005113_f290lp-g395m_v1.0_x1d.fits			jw01210-o001_s000005113_nirspec_f290lp-g395m_x1d.fits	Alexa	6541	6592	4825	4899	4922	5034
10005217	4.8883230178694	hlsp_jades_jwst_nirspec_goods-s-deephst-10005217_f070lp-g140m_v1.0_x1d.fits	hlsp_jades_jwst_nirspec_goods-s-deephst-10005217_f170lp-g235m_v1.0_x1d.fits	hlsp_jades_jwst_nirspec_goods-s-deephst-10005217_f290lp-g395m_v1.0_x1d.fits			jw01210-o001_s000005217_nirspec_f290lp-g395m_x1d.fits	Andrea	6517	6603	4803	4892	4907	5060
10005447	6.62257640301802	hlsp_jades_jwst_nirspec_goods-s-deephst-10005447_f070lp-g140m_v1.0_x1d.fits	hlsp_jades_jwst_nirspec_goods-s-deephst-10005447_f170lp-g235m_v1.0_x1d.fits	hlsp_jades_jwst_nirspec_goods-s-deephst-10005447_f290lp-g395m_v1.0_x1d.fits			jw01210-o001_s000005447_nirspec_f290lp-g395m_x1d.fits	Tatiana	6538	6595	4829	4881	4922	5042
10009506	3.59928686455817	hlsp_jades_jwst_nirspec_goods-s-deephst-10009506_f070lp-g140m_v1.0_x1d.fits	hlsp_jades_jwst_nirspec_goods-s-deephst-10009506_f170lp-g235m_v1.0_x1d.fits	hlsp_jades_jwst_nirspec_goods-s-deephst-10009506_f290lp-g395m_v1.0_x1d.fits			jw01210-o001_s000009506_nirspec_f290lp-g395m_x1d.fits	Anhelia	6486	6619	4774	4883	4889	5086
10009693	6.28599376348805	hlsp_jades_jwst_nirspec_goods-s-deephst-10009693_f070lp-g140m_v1.0_x1d.fits	hlsp_jades_jwst_nirspec_goods-s-deephst-10009693_f170lp-g235m_v1.0_x1d.fits	hlsp_jades_jwst_nirspec_goods-s-deephst-10009693_f290lp-g395m_v1.0_x1d.fits			jw01210-o001_s000009693_nirspec_f290lp-g395m_x1d.fits	Julieta	6550	6610	4850	4896	4941	5034
10009848	4.37	hlsp_jades_jwst_nirspec_goods-s-deephst-10009848_f070lp-g140m_v1.0_x1d.fits	hlsp_jades_jwst_nirspec_goods-s-deephst-10009848_f170lp-g235m_v1.0_x1d.fits	hlsp_jades_jwst_nirspec_goods-s-deephst-10009848_f290lp-g395m_v1.0_x1d.fits			jw01210-o001_s000009848_nirspec_f290lp-g395m_x1d.fits	Dolores	6530	6540	4815	4900	4906	5058
10013545	4.03498294164463	hlsp_jades_jwst_nirspec_goods-s-deephst-10013545_f070lp-g140m_v1.0_x1d.fits	hlsp_jades_jwst_nirspec_goods-s-deephst-10013545_f170lp-g235m_v1.0_x1d.fits	hlsp_jades_jwst_nirspec_goods-s-deephst-10013545_f290lp-g395m_v1.0_x1d.fits			jw01210-o001_s000013545_nirspec_f290lp-g395m_x1d.fits	Mileva	6510	6636	4782	4903	4919	5088
10013609	6.928894	hlsp_jades_jwst_nirspec_goods-s-deephst-10013609_f070lp-g140m_v1.0_x1d.fits	hlsp_jades_jwst_nirspec_goods-s-deephst-10013609_f170lp-g235m_v1.0_x1d.fits	hlsp_jades_jwst_nirspec_goods-s-deephst-10013609_f290lp-g395m_v1.0_x1d.fits			jw01210-o001_s000013609_nirspec_f290lp-g395m_x1d.fits	Gigi	6545	6593	4829	4881	4922	5042
10013618	5.94372301071691	hlsp_jades_jwst_nirspec_goods-s-deephst-10013618_f070lp-g140m_v1.0_x1d.fits	hlsp_jades_jwst_nirspec_goods-s-deephst-10013618_f170lp-g235m_v1.0_x1d.fits	hlsp_jades_jwst_nirspec_goods-s-deephst-10013618_f290lp-g395m_v1.0_x1d.fits			jw01210-o001_s000013618_nirspec_f290lp-g395m_x1d.fits	Alicia	6536	6589	4792	4895	4923	5047
10013620	5.91753186734937	hlsp_jades_jwst_nirspec_goods-s-deephst-10013620_f070lp-g140m_v1.0_x1d.fits	hlsp_jades_jwst_nirspec_goods-s-deephst-10013620_f170lp-g235m_v1.0_x1d.fits	hlsp_jades_jwst_nirspec_goods-s-deephst-10013620_f290lp-g395m_v1.0_x1d.fits			jw01210-o001_s000013620_nirspec_f290lp-g395m_x1d.fits	Aline	6539	6590	4820	4898	4906	5078
10013704	5.919825	hlsp_jades_jwst_nirspec_goods-s-deephst-10013704_f070lp-g140m_v1.0_x1d.fits	hlsp_jades_jwst_nirspec_goods-s-deephst-10013704_f170lp-g235m_v1.0_x1d.fits	hlsp_jades_jwst_nirspec_goods-s-deephst-10013704_f290lp-g395m_v1.0_x1d.fits			jw01210-o001_s000013704_nirspec_f290lp-g395m_x1d.fits	Nubella	6470	6624	4820	4902	4923	5044
10013905	7.197212	hlsp_jades_jwst_nirspec_goods-s-deephst-10013905_f070lp-g140m_v1.0_x1d.fits	hlsp_jades_jwst_nirspec_goods-s-deephst-10013905_f170lp-g235m_v1.0_x1d.fits	hlsp_jades_jwst_nirspec_goods-s-deephst-10013905_f290lp-g395m_v1.0_x1d.fits			jw01210-o001_s000013905_nirspec_f290lp-g395m_x1d.fits	Sara	6470	6624	4820	4902	4923	5044
10015338	5.07627227996806	hlsp_jades_jwst_nirspec_goods-s-deephst-10015338_f070lp-g140m_v1.0_x1d.fits	hlsp_jades_jwst_nirspec_goods-s-deephst-10015338_f170lp-g235m_v1.0_x1d.fits	hlsp_jades_jwst_nirspec_goods-s-deephst-10015338_f290lp-g395m_v1.0_x1d.fits			jw01210-o001_s000015338_nirspec_f290lp-g395m_x1d.fits	Valentina	6512	6600	4795	4889	4918	5062
10016186	3.92792643507394	hlsp_jades_jwst_nirspec_goods-s-deephst-10016186_f070lp-g140m_v1.0_x1d.fits	hlsp_jades_jwst_nirspec_goods-s-deephst-10016186_f170lp-g235m_v1.0_x1d.fits	hlsp_jades_jwst_nirspec_goods-s-deephst-10016186_f290lp-g395m_v1.0_x1d.fits			jw01210-o001_s000016186_nirspec_f290lp-g395m_x1d.fits	Juanita	6510	6615	4791	4906	4923	5066
10016374	5.50325569707072	hlsp_jades_jwst_nirspec_goods-s-deephst-10016374_f070lp-g140m_v1.0_x1d.fits	hlsp_jades_jwst_nirspec_goods-s-deephst-10016374_f170lp-g235m_v1.0_x1d.fits	hlsp_jades_jwst_nirspec_goods-s-deephst-10016374_f290lp-g395m_v1.0_x1d.fits			jw01210-o001_s000016374_nirspec_f290lp-g395m_x1d.fits	Peppa	6506	6614	4825	4904	4923	5059
10035295	3.58892350772953	hlsp_jades_jwst_nirspec_goods-s-deephst-10035295_f070lp-g140m_v1.0_x1d.fits	hlsp_jades_jwst_nirspec_goods-s-deephst-10035295_f170lp-g235m_v1.0_x1d.fits	hlsp_jades_jwst_nirspec_goods-s-deephst-10035295_f290lp-g395m_v1.0_x1d.fits			jw01210-o001_s000035295_nirspec_f290lp-g395m_x1d.fits	Dory	6492	6627	4757	4874	4896	5086
10056849	5.8142066790736	hlsp_jades_jwst_nirspec_goods-s-deephst-10056849_f070lp-g140m_v1.0_x1d.fits	hlsp_jades_jwst_nirspec_goods-s-deephst-10056849_f170lp-g235m_v1.0_x1d.fits	hlsp_jades_jwst_nirspec_goods-s-deephst-10056849_f290lp-g395m_v1.0_x1d.fits			jw01210-o001_s000056849_nirspec_f290lp-g395m_x1d.fits	Frufrú	6538	6595	4818	4897	4934	5042
