NIRSpec_ID	redshift	JADES_FILENAME_PRISM	MAST_FILENAME_PRISM	JADES_FILENAME_G140M	JADES_FILENAME_G235M	JADES_FILENAME_G395M	MAST_FILENAME_G140M	MAST_FILENAME_G235M	MAST_FILENAME_G395M	JADES_FILENAME_G395H	MAST_FILENAME_G395H	NAME	Ha_ini	Ha_end	Hb_ini	Hb_end	[OIII4959]_ini	[OIII4959]_end	[OIII5007]_ini	[OIII5007]_end
3184	3.46762	hlsp_jades_jwst_nirspec_goods-s-deephst-00003184_clear-prism_v1.0_x1d.fits	jw01210-o001_s000013491_nirspec_clear-prism_x1d.fits	hlsp_jades_jwst_nirspec_goods-s-deephst-00003184_f070lp-g140m_v1.0_x1d.fits	hlsp_jades_jwst_nirspec_goods-s-deephst-00003184_f170lp-g235m_v1.0_x1d.fits	hlsp_jades_jwst_nirspec_goods-s-deephst-00003184_f290lp-g395m_v1.0_x1d.fits	jw01210-o001_s000013491_nirspec_f070lp-g140m_x1d.fits	jw01210-o001_s000013491_nirspec_f170lp-g235m_x1d.fits	jw01210-o001_s000013491_nirspec_f290lp-g395m_x1d.fits	hlsp_jades_jwst_nirspec_goods-s-deephst-00003184_f290lp-g395h_v1.0_x1d.fits	jw01210-o001_s000013491_nirspec_f290lp-g395h_x1d.fits	Clarisa	6543	6575	4850	4871	4951	4965	4993	5019
3334	6.70593	hlsp_jades_jwst_nirspec_goods-s-deephst-00003334_clear-prism_v1.0_x1d.fits	jw01210-o001_b000000274_nirspec_clear-prism_x1d.fits	hlsp_jades_jwst_nirspec_goods-s-deephst-00003334_f070lp-g140m_v1.0_x1d.fits	hlsp_jades_jwst_nirspec_goods-s-deephst-00003334_f170lp-g235m_v1.0_x1d.fits	hlsp_jades_jwst_nirspec_goods-s-deephst-00003334_f290lp-g395m_v1.0_x1d.fits	jw01210-o001_b000000110_nirspec_f070lp-g140m_x1d.fits	jw01210-o001_b000000110_nirspec_f170lp-g235m_x1d.fits	jw01210-o001_b000000110_nirspec_f290lp-g395m_x1d.fits	hlsp_jades_jwst_nirspec_goods-s-deephst-00003334_f290lp-g395h_v1.0_x1d.fits	jw01210-o001_b000000110_nirspec_f290lp-g395h_x1d.fits	Gabriela	6556	6568	4859	4866	4959	4968	5002	5010
3968	5.76847043540196	hlsp_jades_jwst_nirspec_goods-s-deephst-00003968_clear-prism_v1.0_x1d.fits	jw01210-o001_s000000023_nirspec_clear-prism_x1d.fits	hlsp_jades_jwst_nirspec_goods-s-deephst-00003968_f070lp-g140m_v1.0_x1d.fits	hlsp_jades_jwst_nirspec_goods-s-deephst-00003968_f170lp-g235m_v1.0_x1d.fits	hlsp_jades_jwst_nirspec_goods-s-deephst-00003968_f290lp-g395m_v1.0_x1d.fits	jw01210-o001_b000000294_nirspec_f070lp-g140m_x1d.fits	jw01210-o001_b000000294_nirspec_f170lp-g235m_x1d.fits	jw01210-o001_b000000294_nirspec_f290lp-g395m_x1d.fits	hlsp_jades_jwst_nirspec_goods-s-deephst-00003968_f290lp-g395h_v1.0_x1d.fits	jw01210-o001_b000000294_nirspec_f290lp-g395h_x1d.fits	Lorena	6559	6573	4858	4869	4951	4972	5001	5012
4197	3.748809	hlsp_jades_jwst_nirspec_goods-s-deephst-00004197_clear-prism_v1.0_x1d.fits	jw01210-o001_s000009491_nirspec_clear-prism_x1d.fits	hlsp_jades_jwst_nirspec_goods-s-deephst-00004197_f070lp-g140m_v1.0_x1d.fits	hlsp_jades_jwst_nirspec_goods-s-deephst-00004197_f170lp-g235m_v1.0_x1d.fits	hlsp_jades_jwst_nirspec_goods-s-deephst-00004197_f290lp-g395m_v1.0_x1d.fits	jw01210-o001_s000009491_nirspec_f070lp-g140m_x1d.fits	jw01210-o001_s000009491_nirspec_f170lp-g235m_x1d.fits	jw01210-o001_s000009491_nirspec_f290lp-g395m_x1d.fits	hlsp_jades_jwst_nirspec_goods-s-deephst-00004197_f290lp-g395h_v1.0_x1d.fits	jw01210-o001_s000009491_nirspec_f290lp-g395h_x1d.fits	Margarita	6558	6565						
4270	4.02261238702772	hlsp_jades_jwst_nirspec_goods-s-deephst-00004270_clear-prism_v1.0_x1d.fits	jw01210-o001_s000009489_nirspec_clear-prism_x1d.fits	hlsp_jades_jwst_nirspec_goods-s-deephst-00004270_f070lp-g140m_v1.0_x1d.fits	hlsp_jades_jwst_nirspec_goods-s-deephst-00004270_f170lp-g235m_v1.0_x1d.fits	hlsp_jades_jwst_nirspec_goods-s-deephst-00004270_f290lp-g395m_v1.0_x1d.fits	jw01210-o001_s000009489_nirspec_f070lp-g140m_x1d.fits	jw01210-o001_s000009489_nirspec_f170lp-g235m_x1d.fits	jw01210-o001_s000009489_nirspec_f290lp-g395m_x1d.fits	hlsp_jades_jwst_nirspec_goods-s-deephst-00004270_f290lp-g395h_v1.0_x1d.fits	jw01210-o001_s000009489_nirspec_f290lp-g395h_x1d.fits	Noelia	6554	6574	4853	4870	4951	4975	4997	5020
4282	3.599695	hlsp_jades_jwst_nirspec_goods-s-deephst-00004282_clear-prism_v1.0_x1d.fits	jw01210-o001_b000000281_nirspec_clear-prism_x1d.fits	hlsp_jades_jwst_nirspec_goods-s-deephst-00004282_f070lp-g140m_v1.0_x1d.fits	hlsp_jades_jwst_nirspec_goods-s-deephst-00004282_f170lp-g235m_v1.0_x1d.fits	hlsp_jades_jwst_nirspec_goods-s-deephst-00004282_f290lp-g395m_v1.0_x1d.fits	jw01210-o001_b000000300_nirspec_f070lp-g140m_x1d.fits	jw01210-o001_b000000300_nirspec_f170lp-g235m_x1d.fits	jw01210-o001_b000000300_nirspec_f290lp-g395m_x1d.fits	hlsp_jades_jwst_nirspec_goods-s-deephst-00004282_f290lp-g395h_v1.0_x1d.fits	jw01210-o001_b000000300_nirspec_f290lp-g395h_x1d.fits	Panchita	6560	6571	4859	4868	4951	4963	5004	5013
4297	6.712776	hlsp_jades_jwst_nirspec_goods-s-deephst-00004297_clear-prism_v1.0_x1d.fits	jw01210-o001_b000000256_nirspec_clear-prism_x1d.fits	hlsp_jades_jwst_nirspec_goods-s-deephst-00004297_f070lp-g140m_v1.0_x1d.fits	hlsp_jades_jwst_nirspec_goods-s-deephst-00004297_f170lp-g235m_v1.0_x1d.fits	hlsp_jades_jwst_nirspec_goods-s-deephst-00004297_f290lp-g395m_v1.0_x1d.fits	jw01210-o001_b000000092_nirspec_f070lp-g140m_x1d.fits	jw01210-o001_b000000092_nirspec_f170lp-g235m_x1d.fits	jw01210-o001_b000000092_nirspec_f290lp-g395m_x1d.fits	hlsp_jades_jwst_nirspec_goods-s-deephst-00004297_f290lp-g395h_v1.0_x1d.fits	jw01210-o001_b000000092_nirspec_f290lp-g395h_x1d.fits	Carla	6558	6568	4857	4864	4954	4962	5001	5013
4404	5.763688	hlsp_jades_jwst_nirspec_goods-s-deephst-00004404_clear-prism_v1.0_x1d.fits	jw01210-o001_s000015099_nirspec_clear-prism_x1d.fits	hlsp_jades_jwst_nirspec_goods-s-deephst-00004404_f070lp-g140m_v1.0_x1d.fits	hlsp_jades_jwst_nirspec_goods-s-deephst-00004404_f170lp-g235m_v1.0_x1d.fits	hlsp_jades_jwst_nirspec_goods-s-deephst-00004404_f290lp-g395m_v1.0_x1d.fits	jw01210-o001_s000015099_nirspec_f070lp-g140m_x1d.fits	jw01210-o001_s000015099_nirspec_f170lp-g235m_x1d.fits	jw01210-o001_s000015099_nirspec_f290lp-g395m_x1d.fits	hlsp_jades_jwst_nirspec_goods-s-deephst-00004404_f290lp-g395h_v1.0_x1d.fits	jw01210-o001_s000015099_nirspec_f290lp-g395h_x1d.fits	Gina	6556	6570	4853	4864	4946	4965	4997	5013
5329	3.5873007444784	hlsp_jades_jwst_nirspec_goods-s-deephst-00005329_clear-prism_v1.0_x1d.fits	jw01210-o001_s000013301_nirspec_clear-prism_x1d.fits	hlsp_jades_jwst_nirspec_goods-s-deephst-00005329_f070lp-g140m_v1.0_x1d.fits	hlsp_jades_jwst_nirspec_goods-s-deephst-00005329_f170lp-g235m_v1.0_x1d.fits	hlsp_jades_jwst_nirspec_goods-s-deephst-00005329_f290lp-g395m_v1.0_x1d.fits	jw01210-o001_s000013301_nirspec_f070lp-g140m_x1d.fits	jw01210-o001_s000013301_nirspec_f170lp-g235m_x1d.fits	jw01210-o001_s000013301_nirspec_f290lp-g395m_x1d.fits	hlsp_jades_jwst_nirspec_goods-s-deephst-00005329_f290lp-g395h_v1.0_x1d.fits	jw01210-o001_s000013301_nirspec_f290lp-g395h_x1d.fits	Betty	6554	6573	4857	4862	4953	4965	5000	5014
5457	4.8631511339788	hlsp_jades_jwst_nirspec_goods-s-deephst-00005457_clear-prism_v1.0_x1d.fits	jw01210-o001_s000000054_nirspec_clear-prism_x1d.fits	hlsp_jades_jwst_nirspec_goods-s-deephst-00005457_f070lp-g140m_v1.0_x1d.fits	hlsp_jades_jwst_nirspec_goods-s-deephst-00005457_f170lp-g235m_v1.0_x1d.fits	hlsp_jades_jwst_nirspec_goods-s-deephst-00005457_f290lp-g395m_v1.0_x1d.fits	jw01210-o001_s000000054_nirspec_f070lp-g140m_x1d.fits	jw01210-o001_s000000054_nirspec_f170lp-g235m_x1d.fits	jw01210-o001_s000000054_nirspec_f290lp-g395m_x1d.fits	hlsp_jades_jwst_nirspec_goods-s-deephst-00005457_f290lp-g395h_v1.0_x1d.fits	jw01210-o001_s000000054_nirspec_f290lp-g395h_x1d.fits	Melanny								
5759	5.05189382127941	hlsp_jades_jwst_nirspec_goods-s-deephst-00005759_clear-prism_v1.0_x1d.fits	jw01210-o001_s000005233_nirspec_clear-prism_x1d.fits	hlsp_jades_jwst_nirspec_goods-s-deephst-00005759_f070lp-g140m_v1.0_x1d.fits	hlsp_jades_jwst_nirspec_goods-s-deephst-00005759_f170lp-g235m_v1.0_x1d.fits	hlsp_jades_jwst_nirspec_goods-s-deephst-00005759_f290lp-g395m_v1.0_x1d.fits	jw01210-o001_s000005233_nirspec_f070lp-g140m_x1d.fits	jw01210-o001_s000005233_nirspec_f170lp-g235m_x1d.fits	jw01210-o001_s000005233_nirspec_f290lp-g395m_x1d.fits	hlsp_jades_jwst_nirspec_goods-s-deephst-00005759_f290lp-g395h_v1.0_x1d.fits	jw01210-o001_s000005233_nirspec_f290lp-g395h_x1d.fits	Giorgina	6558	6571	4858	4873	4953	4968	4997	5025
6002	5.93685818347379	hlsp_jades_jwst_nirspec_goods-s-deephst-00006002_clear-prism_v1.0_x1d.fits	jw01210-o001_s000015125_nirspec_clear-prism_x1d.fits	hlsp_jades_jwst_nirspec_goods-s-deephst-00006002_f070lp-g140m_v1.0_x1d.fits	hlsp_jades_jwst_nirspec_goods-s-deephst-00006002_f170lp-g235m_v1.0_x1d.fits	hlsp_jades_jwst_nirspec_goods-s-deephst-00006002_f290lp-g395m_v1.0_x1d.fits	jw01210-o001_s000015125_nirspec_f070lp-g140m_x1d.fits	jw01210-o001_s000015125_nirspec_f170lp-g235m_x1d.fits	jw01210-o001_s000015125_nirspec_f290lp-g395m_x1d.fits	hlsp_jades_jwst_nirspec_goods-s-deephst-00006002_f290lp-g395h_v1.0_x1d.fits	jw01210-o001_s000015125_nirspec_f290lp-g395h_x1d.fits	Lizzy	6558	6569	4856	4869	4955	4963	5002	5013
6246	5.56159788939357	hlsp_jades_jwst_nirspec_goods-s-deephst-00006246_clear-prism_v1.0_x1d.fits	jw01210-o001_b000000258_nirspec_clear-prism_x1d.fits	hlsp_jades_jwst_nirspec_goods-s-deephst-00006246_f070lp-g140m_v1.0_x1d.fits	hlsp_jades_jwst_nirspec_goods-s-deephst-00006246_f170lp-g235m_v1.0_x1d.fits	hlsp_jades_jwst_nirspec_goods-s-deephst-00006246_f290lp-g395m_v1.0_x1d.fits	jw01210-o001_b000000284_nirspec_f070lp-g140m_x1d.fits	jw01210-o001_b000000284_nirspec_f170lp-g235m_x1d.fits	jw01210-o001_b000000284_nirspec_f290lp-g395m_x1d.fits	hlsp_jades_jwst_nirspec_goods-s-deephst-00006246_f290lp-g395h_v1.0_x1d.fits	jw01210-o001_b000000284_nirspec_f290lp-g395h_x1d.fits	Mary	6557	6569	4853	4867	4954	4968	4999	5016
6384	5.61541238216689	hlsp_jades_jwst_nirspec_goods-s-deephst-00006384_clear-prism_v1.0_x1d.fits	jw01210-o001_s000013877_nirspec_clear-prism_x1d.fits	hlsp_jades_jwst_nirspec_goods-s-deephst-00006384_f070lp-g140m_v1.0_x1d.fits	hlsp_jades_jwst_nirspec_goods-s-deephst-00006384_f170lp-g235m_v1.0_x1d.fits	hlsp_jades_jwst_nirspec_goods-s-deephst-00006384_f290lp-g395m_v1.0_x1d.fits	jw01210-o001_s000013877_nirspec_f070lp-g140m_x1d.fits	jw01210-o001_s000013877_nirspec_f170lp-g235m_x1d.fits	jw01210-o001_s000013877_nirspec_f290lp-g395m_x1d.fits	hlsp_jades_jwst_nirspec_goods-s-deephst-00006384_f290lp-g395h_v1.0_x1d.fits	jw01210-o001_s000013877_nirspec_f290lp-g395h_x1d.fits	Jane	6555	6567	4852	4870	4954	4966	5001	5012
7507	4.04428024657048	hlsp_jades_jwst_nirspec_goods-s-deephst-00007507_clear-prism_v1.0_x1d.fits	jw01210-o001_s000009306_nirspec_clear-prism_x1d.fits	hlsp_jades_jwst_nirspec_goods-s-deephst-00007507_f070lp-g140m_v1.0_x1d.fits	hlsp_jades_jwst_nirspec_goods-s-deephst-00007507_f170lp-g235m_v1.0_x1d.fits	hlsp_jades_jwst_nirspec_goods-s-deephst-00007507_f290lp-g395m_v1.0_x1d.fits	jw01210-o001_s000009306_nirspec_f070lp-g140m_x1d.fits	jw01210-o001_s000009306_nirspec_f170lp-g235m_x1d.fits	jw01210-o001_s000009306_nirspec_f290lp-g395m_x1d.fits	hlsp_jades_jwst_nirspec_goods-s-deephst-00007507_f290lp-g395h_v1.0_x1d.fits	jw01210-o001_s000009306_nirspec_f290lp-g395h_x1d.fits	Ann	6559	6569	4854	4867	4953	4970	5002	5013
7624	4.8450	hlsp_jades_jwst_nirspec_goods-s-deephst-00007624_clear-prism_v1.0_x1d.fits	jw01210-o001_b000000113_nirspec_clear-prism_x1d.fits	hlsp_jades_jwst_nirspec_goods-s-deephst-00007624_f070lp-g140m_v1.0_x1d.fits	hlsp_jades_jwst_nirspec_goods-s-deephst-00007624_f170lp-g235m_v1.0_x1d.fits	hlsp_jades_jwst_nirspec_goods-s-deephst-00007624_f290lp-g395m_v1.0_x1d.fits	jw01210-o001_b000000269_nirspec_f070lp-g140m_x1d.fits	jw01210-o001_b000000269_nirspec_f170lp-g235m_x1d.fits	jw01210-o001_b000000269_nirspec_f290lp-g395m_x1d.fits	hlsp_jades_jwst_nirspec_goods-s-deephst-00007624_f290lp-g395h_v1.0_x1d.fits	jw01210-o001_b000000269_nirspec_f290lp-g395h_x1d.fits	Mitzi	6547	6553			4950	4963	5005	5013
7762	4.14863310108243	hlsp_jades_jwst_nirspec_goods-s-deephst-00007762_clear-prism_v1.0_x1d.fits	jw01210-o001_s000015157_nirspec_clear-prism_x1d.fits	hlsp_jades_jwst_nirspec_goods-s-deephst-00007762_f070lp-g140m_v1.0_x1d.fits	hlsp_jades_jwst_nirspec_goods-s-deephst-00007762_f170lp-g235m_v1.0_x1d.fits	hlsp_jades_jwst_nirspec_goods-s-deephst-00007762_f290lp-g395m_v1.0_x1d.fits	jw01210-o001_s000015157_nirspec_f070lp-g140m_x1d.fits	jw01210-o001_s000015157_nirspec_f170lp-g235m_x1d.fits	jw01210-o001_s000015157_nirspec_f290lp-g395m_x1d.fits	hlsp_jades_jwst_nirspec_goods-s-deephst-00007762_f290lp-g395h_v1.0_x1d.fits	jw01210-o001_s000015157_nirspec_f290lp-g395h_x1d.fits	Hilary	6555	6572	4857	4866	4952	4964	5002	5014
7809	3.57819206358422	hlsp_jades_jwst_nirspec_goods-s-deephst-00007809_clear-prism_v1.0_x1d.fits	jw01210-o001_s000009694_nirspec_clear-prism_x1d.fits	hlsp_jades_jwst_nirspec_goods-s-deephst-00007809_f070lp-g140m_v1.0_x1d.fits	hlsp_jades_jwst_nirspec_goods-s-deephst-00007809_f170lp-g235m_v1.0_x1d.fits	hlsp_jades_jwst_nirspec_goods-s-deephst-00007809_f290lp-g395m_v1.0_x1d.fits	jw01210-o001_s000009694_nirspec_f070lp-g140m_x1d.fits	jw01210-o001_s000009694_nirspec_f170lp-g235m_x1d.fits	jw01210-o001_s000009694_nirspec_f290lp-g395m_x1d.fits	hlsp_jades_jwst_nirspec_goods-s-deephst-00007809_f290lp-g395h_v1.0_x1d.fits	jw01210-o001_s000009694_nirspec_f290lp-g395h_x1d.fits	Sandy	6553	6571	4857	4867	4948	4967	5000	5014
7892	4.22872754610498	hlsp_jades_jwst_nirspec_goods-s-deephst-00007892_clear-prism_v1.0_x1d.fits	jw01210-o001_s000009451_nirspec_clear-prism_x1d.fits	hlsp_jades_jwst_nirspec_goods-s-deephst-00007892_f070lp-g140m_v1.0_x1d.fits	hlsp_jades_jwst_nirspec_goods-s-deephst-00007892_f170lp-g235m_v1.0_x1d.fits	hlsp_jades_jwst_nirspec_goods-s-deephst-00007892_f290lp-g395m_v1.0_x1d.fits	jw01210-o001_s000009451_nirspec_f070lp-g140m_x1d.fits	jw01210-o001_s000009451_nirspec_f170lp-g235m_x1d.fits	jw01210-o001_s000009451_nirspec_f290lp-g395m_x1d.fits	hlsp_jades_jwst_nirspec_goods-s-deephst-00007892_f290lp-g395h_v1.0_x1d.fits	jw01210-o001_s000009451_nirspec_f290lp-g395h_x1d.fits	Vera	6553	6574	4856	4866	4952	4964	4999	5018
7938	4.80631123887867	hlsp_jades_jwst_nirspec_goods-s-deephst-00007938_clear-prism_v1.0_x1d.fits	jw01210-o001_s000009695_nirspec_clear-prism_x1d.fits	hlsp_jades_jwst_nirspec_goods-s-deephst-00007938_f070lp-g140m_v1.0_x1d.fits	hlsp_jades_jwst_nirspec_goods-s-deephst-00007938_f170lp-g235m_v1.0_x1d.fits	hlsp_jades_jwst_nirspec_goods-s-deephst-00007938_f290lp-g395m_v1.0_x1d.fits	jw01210-o001_s000009695_nirspec_f070lp-g140m_x1d.fits	jw01210-o001_s000009695_nirspec_f170lp-g235m_x1d.fits	jw01210-o001_s000009695_nirspec_f290lp-g395m_x1d.fits	hlsp_jades_jwst_nirspec_goods-s-deephst-00007938_f290lp-g395h_v1.0_x1d.fits	jw01210-o001_s000009695_nirspec_f290lp-g395h_x1d.fits	Henrietta	6556	6570	4856	4868	4953	4963	4996	5020
8013	8.47315	hlsp_jades_jwst_nirspec_goods-s-deephst-00008013_clear-prism_v1.0_x1d.fits	jw01210-o001_s000006139_nirspec_clear-prism_x1d.fits	hlsp_jades_jwst_nirspec_goods-s-deephst-00008013_f070lp-g140m_v1.0_x1d.fits	hlsp_jades_jwst_nirspec_goods-s-deephst-00008013_f170lp-g235m_v1.0_x1d.fits	hlsp_jades_jwst_nirspec_goods-s-deephst-00008013_f290lp-g395m_v1.0_x1d.fits	jw01210-o001_s000006139_nirspec_f070lp-g140m_x1d.fits	jw01210-o001_s000006139_nirspec_f170lp-g235m_x1d.fits	jw01210-o001_s000006139_nirspec_f290lp-g395m_x1d.fits	hlsp_jades_jwst_nirspec_goods-s-deephst-00008013_f290lp-g395h_v1.0_x1d.fits	jw01210-o001_s000006139_nirspec_f290lp-g395h_x1d.fits	Analú			4854	4864	4959	4966	5001	5011
8079	7.258982	hlsp_jades_jwst_nirspec_goods-s-deephst-00008079_clear-prism_v1.0_x1d.fits	jw01210-o001_s000005115_nirspec_clear-prism_x1d.fits	hlsp_jades_jwst_nirspec_goods-s-deephst-00008079_f070lp-g140m_v1.0_x1d.fits	hlsp_jades_jwst_nirspec_goods-s-deephst-00008079_f170lp-g235m_v1.0_x1d.fits	hlsp_jades_jwst_nirspec_goods-s-deephst-00008079_f290lp-g395m_v1.0_x1d.fits	jw01210-o001_s000005115_nirspec_f070lp-g140m_x1d.fits	jw01210-o001_s000005115_nirspec_f170lp-g235m_x1d.fits	jw01210-o001_s000005115_nirspec_f290lp-g395m_x1d.fits	hlsp_jades_jwst_nirspec_goods-s-deephst-00008079_f290lp-g395h_v1.0_x1d.fits	jw01210-o001_s000005115_nirspec_f290lp-g395h_x1d.fits	Maribel			4857	4862	4949	4969	5001	5014
8083	4.6487198664651	hlsp_jades_jwst_nirspec_goods-s-deephst-00008083_clear-prism_v1.0_x1d.fits	jw01210-o001_s000009515_nirspec_clear-prism_x1d.fits	hlsp_jades_jwst_nirspec_goods-s-deephst-00008083_f070lp-g140m_v1.0_x1d.fits	hlsp_jades_jwst_nirspec_goods-s-deephst-00008083_f170lp-g235m_v1.0_x1d.fits	hlsp_jades_jwst_nirspec_goods-s-deephst-00008083_f290lp-g395m_v1.0_x1d.fits	jw01210-o001_s000009515_nirspec_f070lp-g140m_x1d.fits	jw01210-o001_s000009515_nirspec_f170lp-g235m_x1d.fits	jw01210-o001_s000009515_nirspec_f290lp-g395m_x1d.fits	hlsp_jades_jwst_nirspec_goods-s-deephst-00008083_f290lp-g395h_v1.0_x1d.fits	jw01210-o001_s000009515_nirspec_f290lp-g395h_x1d.fits	Marina	6556	6572	4856	4867				
8113	4.90277103561231	hlsp_jades_jwst_nirspec_goods-s-deephst-00008113_clear-prism_v1.0_x1d.fits	jw01210-o001_s000013846_nirspec_clear-prism_x1d.fits	hlsp_jades_jwst_nirspec_goods-s-deephst-00008113_f070lp-g140m_v1.0_x1d.fits	hlsp_jades_jwst_nirspec_goods-s-deephst-00008113_f170lp-g235m_v1.0_x1d.fits	hlsp_jades_jwst_nirspec_goods-s-deephst-00008113_f290lp-g395m_v1.0_x1d.fits	jw01210-o001_s000013846_nirspec_f070lp-g140m_x1d.fits	jw01210-o001_s000013846_nirspec_f170lp-g235m_x1d.fits	jw01210-o001_s000013846_nirspec_f290lp-g395m_x1d.fits	hlsp_jades_jwst_nirspec_goods-s-deephst-00008113_f290lp-g395h_v1.0_x1d.fits	jw01210-o001_s000013846_nirspec_f290lp-g395h_x1d.fits	Fabia	6559	6569			4953	4969	5000	5014
9422	5.935895	hlsp_jades_jwst_nirspec_goods-s-deephst-00009422_clear-prism_v1.0_x1d.fits	jw01210-o001_s000013176_nirspec_clear-prism_x1d.fits	hlsp_jades_jwst_nirspec_goods-s-deephst-00009422_f070lp-g140m_v1.0_x1d.fits	hlsp_jades_jwst_nirspec_goods-s-deephst-00009422_f170lp-g235m_v1.0_x1d.fits	hlsp_jades_jwst_nirspec_goods-s-deephst-00009422_f290lp-g395m_v1.0_x1d.fits	jw01210-o001_s000013176_nirspec_f070lp-g140m_x1d.fits	jw01210-o001_s000013176_nirspec_f170lp-g235m_x1d.fits	jw01210-o001_s000013176_nirspec_f290lp-g395m_x1d.fits	hlsp_jades_jwst_nirspec_goods-s-deephst-00009422_f290lp-g395h_v1.0_x1d.fits	jw01210-o001_s000013176_nirspec_f290lp-g395h_x1d.fits	Nayli			4854	4865	4952	4966	4999	5018
9452	5.12243857379367	hlsp_jades_jwst_nirspec_goods-s-deephst-00009452_clear-prism_v1.0_x1d.fits	jw01210-o001_s000036976_nirspec_clear-prism_x1d.fits	hlsp_jades_jwst_nirspec_goods-s-deephst-00009452_f070lp-g140m_v1.0_x1d.fits	hlsp_jades_jwst_nirspec_goods-s-deephst-00009452_f170lp-g235m_v1.0_x1d.fits	hlsp_jades_jwst_nirspec_goods-s-deephst-00009452_f290lp-g395m_v1.0_x1d.fits	jw01210-o001_s000036976_nirspec_f070lp-g140m_x1d.fits	jw01210-o001_s000036976_nirspec_f170lp-g235m_x1d.fits	jw01210-o001_s000036976_nirspec_f290lp-g395m_x1d.fits	hlsp_jades_jwst_nirspec_goods-s-deephst-00009452_f290lp-g395h_v1.0_x1d.fits	jw01210-o001_s000036976_nirspec_f290lp-g395h_x1d.fits	Verónica	6556	6570	4851	4867	4950	4966	4999	5021
9743	5.44012039584156	hlsp_jades_jwst_nirspec_goods-s-deephst-00009743_clear-prism_v1.0_x1d.fits	jw01210-o001_s000002075_nirspec_clear-prism_x1d.fits	hlsp_jades_jwst_nirspec_goods-s-deephst-00009743_f070lp-g140m_v1.0_x1d.fits	hlsp_jades_jwst_nirspec_goods-s-deephst-00009743_f170lp-g235m_v1.0_x1d.fits	hlsp_jades_jwst_nirspec_goods-s-deephst-00009743_f290lp-g395m_v1.0_x1d.fits	jw01210-o001_s000002075_nirspec_f070lp-g140m_x1d.fits	jw01210-o001_s000002075_nirspec_f170lp-g235m_x1d.fits	jw01210-o001_s000002075_nirspec_f290lp-g395m_x1d.fits	hlsp_jades_jwst_nirspec_goods-s-deephst-00009743_f290lp-g395h_v1.0_x1d.fits	jw01210-o001_s000002075_nirspec_f290lp-g395h_x1d.fits	Karolina	6557	6568	4855	4866	4955	4963	5000	5016
16625	6.630648	hlsp_jades_jwst_nirspec_goods-s-deephst-00016625_clear-prism_v1.0_x1d.fits	jw01210-o001_s000009903_nirspec_clear-prism_x1d.fits	hlsp_jades_jwst_nirspec_goods-s-deephst-00016625_f070lp-g140m_v1.0_x1d.fits	hlsp_jades_jwst_nirspec_goods-s-deephst-00016625_f170lp-g235m_v1.0_x1d.fits	hlsp_jades_jwst_nirspec_goods-s-deephst-00016625_f290lp-g395m_v1.0_x1d.fits	jw01210-o001_s000009903_nirspec_f070lp-g140m_x1d.fits	jw01210-o001_s000009903_nirspec_f170lp-g235m_x1d.fits	jw01210-o001_s000009903_nirspec_f290lp-g395m_x1d.fits	hlsp_jades_jwst_nirspec_goods-s-deephst-00016625_f290lp-g395h_v1.0_x1d.fits	jw01210-o001_s000009903_nirspec_f290lp-g395h_x1d.fits	Angelina	6559	6568	4853	4867	4954	4963	5001	5021
16745	5.56655234405774	hlsp_jades_jwst_nirspec_goods-s-deephst-00016745_clear-prism_v1.0_x1d.fits	jw01210-o001_s000013577_nirspec_clear-prism_x1d.fits	hlsp_jades_jwst_nirspec_goods-s-deephst-00016745_f070lp-g140m_v1.0_x1d.fits	hlsp_jades_jwst_nirspec_goods-s-deephst-00016745_f170lp-g235m_v1.0_x1d.fits	hlsp_jades_jwst_nirspec_goods-s-deephst-00016745_f290lp-g395m_v1.0_x1d.fits	jw01210-o001_s000013577_nirspec_f070lp-g140m_x1d.fits	jw01210-o001_s000013577_nirspec_f170lp-g235m_x1d.fits	jw01210-o001_s000013577_nirspec_f290lp-g395m_x1d.fits	hlsp_jades_jwst_nirspec_goods-s-deephst-00016745_f290lp-g395h_v1.0_x1d.fits	jw01210-o001_s000013577_nirspec_f290lp-g395h_x1d.fits	Shakira	6558	6569	4854	4866				
17072	4.70200977971638	hlsp_jades_jwst_nirspec_goods-s-deephst-00017072_clear-prism_v1.0_x1d.fits	jw01210-o001_s000009849_nirspec_clear-prism_x1d.fits	hlsp_jades_jwst_nirspec_goods-s-deephst-00017072_f070lp-g140m_v1.0_x1d.fits	hlsp_jades_jwst_nirspec_goods-s-deephst-00017072_f170lp-g235m_v1.0_x1d.fits	hlsp_jades_jwst_nirspec_goods-s-deephst-00017072_f290lp-g395m_v1.0_x1d.fits	jw01210-o001_s000009849_nirspec_f070lp-g140m_x1d.fits	jw01210-o001_s000009849_nirspec_f170lp-g235m_x1d.fits	jw01210-o001_s000009849_nirspec_f290lp-g395m_x1d.fits	hlsp_jades_jwst_nirspec_goods-s-deephst-00017072_f290lp-g395h_v1.0_x1d.fits	jw01210-o001_s000009849_nirspec_f290lp-g395h_x1d.fits	Gladys	6554	6567	4859	4867	4954	4961	5002	5011
17260	4.88512714601353	hlsp_jades_jwst_nirspec_goods-s-deephst-00017260_clear-prism_v1.0_x1d.fits	jw01210-o001_s000013854_nirspec_clear-prism_x1d.fits	hlsp_jades_jwst_nirspec_goods-s-deephst-00017260_f070lp-g140m_v1.0_x1d.fits	hlsp_jades_jwst_nirspec_goods-s-deephst-00017260_f170lp-g235m_v1.0_x1d.fits	hlsp_jades_jwst_nirspec_goods-s-deephst-00017260_f290lp-g395m_v1.0_x1d.fits	jw01210-o001_s000013854_nirspec_f070lp-g140m_x1d.fits	jw01210-o001_s000013854_nirspec_f170lp-g235m_x1d.fits	jw01210-o001_s000013854_nirspec_f290lp-g395m_x1d.fits	hlsp_jades_jwst_nirspec_goods-s-deephst-00017260_f290lp-g395h_v1.0_x1d.fits	jw01210-o001_s000013854_nirspec_f290lp-g395h_x1d.fits	Albertina	6554	6571	4860	4866	4953	4962	4998	5017
17566	6.101534	hlsp_jades_jwst_nirspec_goods-s-deephst-00017566_clear-prism_v1.0_x1d.fits	jw01210-o001_s000009867_nirspec_clear-prism_x1d.fits	hlsp_jades_jwst_nirspec_goods-s-deephst-00017566_f070lp-g140m_v1.0_x1d.fits	hlsp_jades_jwst_nirspec_goods-s-deephst-00017566_f170lp-g235m_v1.0_x1d.fits	hlsp_jades_jwst_nirspec_goods-s-deephst-00017566_f290lp-g395m_v1.0_x1d.fits	jw01210-o001_s000009867_nirspec_f070lp-g140m_x1d.fits	jw01210-o001_s000009867_nirspec_f170lp-g235m_x1d.fits	jw01210-o001_s000009867_nirspec_f290lp-g395m_x1d.fits	hlsp_jades_jwst_nirspec_goods-s-deephst-00017566_f290lp-g395h_v1.0_x1d.fits	jw01210-o001_s000009867_nirspec_f290lp-g395h_x1d.fits	Emily	6559	6570	4855	4868	4954	4969	4997	5019
17777	4.13366013096712	hlsp_jades_jwst_nirspec_goods-s-deephst-00017777_clear-prism_v1.0_x1d.fits	jw01210-o001_s000009858_nirspec_clear-prism_x1d.fits	hlsp_jades_jwst_nirspec_goods-s-deephst-00017777_f070lp-g140m_v1.0_x1d.fits	hlsp_jades_jwst_nirspec_goods-s-deephst-00017777_f170lp-g235m_v1.0_x1d.fits	hlsp_jades_jwst_nirspec_goods-s-deephst-00017777_f290lp-g395m_v1.0_x1d.fits	jw01210-o001_s000009858_nirspec_f070lp-g140m_x1d.fits	jw01210-o001_s000009858_nirspec_f170lp-g235m_x1d.fits	jw01210-o001_s000009858_nirspec_f290lp-g395m_x1d.fits	hlsp_jades_jwst_nirspec_goods-s-deephst-00017777_f290lp-g395h_v1.0_x1d.fits	jw01210-o001_s000009858_nirspec_f290lp-g395h_x1d.fits	Carol	6554	6577	4861	4864	4954	4966	5000	5013
18028	3.73094591607022	hlsp_jades_jwst_nirspec_goods-s-deephst-00018028_clear-prism_v1.0_x1d.fits	jw01210-o001_s000013352_nirspec_clear-prism_x1d.fits	hlsp_jades_jwst_nirspec_goods-s-deephst-00018028_f070lp-g140m_v1.0_x1d.fits	hlsp_jades_jwst_nirspec_goods-s-deephst-00018028_f170lp-g235m_v1.0_x1d.fits	hlsp_jades_jwst_nirspec_goods-s-deephst-00018028_f290lp-g395m_v1.0_x1d.fits	jw01210-o001_s000013352_nirspec_f070lp-g140m_x1d.fits	jw01210-o001_s000013352_nirspec_f170lp-g235m_x1d.fits	jw01210-o001_s000013352_nirspec_f290lp-g395m_x1d.fits	hlsp_jades_jwst_nirspec_goods-s-deephst-00018028_f290lp-g395h_v1.0_x1d.fits	jw01210-o001_s000013352_nirspec_f290lp-g395h_x1d.fits	Cathy	6556	6568	4852	4873	4954	4965	5001	5015
18090	4.77562372049334	hlsp_jades_jwst_nirspec_goods-s-deephst-00018090_clear-prism_v1.0_x1d.fits	jw01210-o001_s000009891_nirspec_clear-prism_x1d.fits	hlsp_jades_jwst_nirspec_goods-s-deephst-00018090_f070lp-g140m_v1.0_x1d.fits	hlsp_jades_jwst_nirspec_goods-s-deephst-00018090_f170lp-g235m_v1.0_x1d.fits	hlsp_jades_jwst_nirspec_goods-s-deephst-00018090_f290lp-g395m_v1.0_x1d.fits	jw01210-o001_s000009891_nirspec_f070lp-g140m_x1d.fits	jw01210-o001_s000009891_nirspec_f170lp-g235m_x1d.fits	jw01210-o001_s000009891_nirspec_f290lp-g395m_x1d.fits	hlsp_jades_jwst_nirspec_goods-s-deephst-00018090_f290lp-g395h_v1.0_x1d.fits	jw01210-o001_s000009891_nirspec_f290lp-g395h_x1d.fits	Kim	6556	6570	4856	4866	4953	4964	4997	5019
18846	6.335054	hlsp_jades_jwst_nirspec_goods-s-deephst-00018846_clear-prism_v1.0_x1d.fits	jw01210-o001_s000013197_nirspec_clear-prism_x1d.fits	hlsp_jades_jwst_nirspec_goods-s-deephst-00018846_f070lp-g140m_v1.0_x1d.fits	hlsp_jades_jwst_nirspec_goods-s-deephst-00018846_f170lp-g235m_v1.0_x1d.fits	hlsp_jades_jwst_nirspec_goods-s-deephst-00018846_f290lp-g395m_v1.0_x1d.fits	jw01210-o001_s000013197_nirspec_f070lp-g140m_x1d.fits	jw01210-o001_s000013197_nirspec_f170lp-g235m_x1d.fits	jw01210-o001_s000013197_nirspec_f290lp-g395m_x1d.fits	hlsp_jades_jwst_nirspec_goods-s-deephst-00018846_f290lp-g395h_v1.0_x1d.fits	jw01210-o001_s000013197_nirspec_f290lp-g395h_x1d.fits	Rigoberta	6557	6569	4850	4869	4945	4967	4999	5027
18970	3.72458828704365	hlsp_jades_jwst_nirspec_goods-s-deephst-00018970_clear-prism_v1.0_x1d.fits	jw01210-o001_s00000_nirspec_clear-prism_x1d.fits	hlsp_jades_jwst_nirspec_goods-s-deephst-00018970_f070lp-g140m_v1.0_x1d.fits	hlsp_jades_jwst_nirspec_goods-s-deephst-00018970_f170lp-g235m_v1.0_x1d.fits	hlsp_jades_jwst_nirspec_goods-s-deephst-00018970_f290lp-g395m_v1.0_x1d.fits	jw01210-o001_b000000029_nirspec_f070lp-g140m_x1d.fits	jw01210-o001_b000000029_nirspec_f170lp-g235m_x1d.fits	jw01210-o001_b000000029_nirspec_f290lp-g395m_x1d.fits	hlsp_jades_jwst_nirspec_goods-s-deephst-00018970_f290lp-g395h_v1.0_x1d.fits	jw01210-o001_b000000029_nirspec_f290lp-g395h_x1d.fits	Lili	6557	6569	4856	4868	4953	4965	5001	5013
18976	6.327052	hlsp_jades_jwst_nirspec_goods-s-deephst-00018976_clear-prism_v1.0_x1d.fits	jw01210-o001_s000008253_nirspec_clear-prism_x1d.fits	hlsp_jades_jwst_nirspec_goods-s-deephst-00018976_f070lp-g140m_v1.0_x1d.fits	hlsp_jades_jwst_nirspec_goods-s-deephst-00018976_f170lp-g235m_v1.0_x1d.fits	hlsp_jades_jwst_nirspec_goods-s-deephst-00018976_f290lp-g395m_v1.0_x1d.fits	jw01210-o001_s000008253_nirspec_f070lp-g140m_x1d.fits	jw01210-o001_s000008253_nirspec_f170lp-g235m_x1d.fits	jw01210-o001_s000008253_nirspec_f290lp-g395m_x1d.fits	hlsp_jades_jwst_nirspec_goods-s-deephst-00018976_f290lp-g395h_v1.0_x1d.fits	jw01210-o001_s000008253_nirspec_f290lp-g395h_x1d.fits	Nataly	6559	6569	4858	4868	4954	4963	5000	5014
19342	5.974287	hlsp_jades_jwst_nirspec_goods-s-deephst-00019342_clear-prism_v1.0_x1d.fits	jw01210-o001_s000009880_nirspec_clear-prism_x1d.fits	hlsp_jades_jwst_nirspec_goods-s-deephst-00019342_f070lp-g140m_v1.0_x1d.fits	hlsp_jades_jwst_nirspec_goods-s-deephst-00019342_f170lp-g235m_v1.0_x1d.fits	hlsp_jades_jwst_nirspec_goods-s-deephst-00019342_f290lp-g395m_v1.0_x1d.fits	jw01210-o001_s000009880_nirspec_f070lp-g140m_x1d.fits	jw01210-o001_s000009880_nirspec_f170lp-g235m_x1d.fits	jw01210-o001_s000009880_nirspec_f290lp-g395m_x1d.fits	hlsp_jades_jwst_nirspec_goods-s-deephst-00019342_f290lp-g395h_v1.0_x1d.fits	jw01210-o001_s000009880_nirspec_f290lp-g395h_x1d.fits	Barbara	6558	6569	4848	4868	4952	4962	5001	5014
19519	3.60450973158305	hlsp_jades_jwst_nirspec_goods-s-deephst-00019519_clear-prism_v1.0_x1d.fits	jw01210-o001_s000009873_nirspec_clear-prism_x1d.fits	hlsp_jades_jwst_nirspec_goods-s-deephst-00019519_f070lp-g140m_v1.0_x1d.fits	hlsp_jades_jwst_nirspec_goods-s-deephst-00019519_f170lp-g235m_v1.0_x1d.fits	hlsp_jades_jwst_nirspec_goods-s-deephst-00019519_f290lp-g395m_v1.0_x1d.fits	jw01210-o001_s000009873_nirspec_f070lp-g140m_x1d.fits	jw01210-o001_s000009873_nirspec_f170lp-g235m_x1d.fits	jw01210-o001_s000009873_nirspec_f290lp-g395m_x1d.fits	hlsp_jades_jwst_nirspec_goods-s-deephst-00019519_f290lp-g395h_v1.0_x1d.fits	jw01210-o001_s000009873_nirspec_f290lp-g395h_x1d.fits	Paula	6548	6576	4853	4870	4952	4967	4996	5014
19606	5.88913558713673	hlsp_jades_jwst_nirspec_goods-s-deephst-00019606_clear-prism_v1.0_x1d.fits	jw01210-o001_s000009414_nirspec_clear-prism_x1d.fits	hlsp_jades_jwst_nirspec_goods-s-deephst-00019606_f070lp-g140m_v1.0_x1d.fits	hlsp_jades_jwst_nirspec_goods-s-deephst-00019606_f170lp-g235m_v1.0_x1d.fits	hlsp_jades_jwst_nirspec_goods-s-deephst-00019606_f290lp-g395m_v1.0_x1d.fits	jw01210-o001_s000009414_nirspec_f070lp-g140m_x1d.fits	jw01210-o001_s000009414_nirspec_f170lp-g235m_x1d.fits	jw01210-o001_s000009414_nirspec_f290lp-g395m_x1d.fits	hlsp_jades_jwst_nirspec_goods-s-deephst-00019606_f290lp-g395h_v1.0_x1d.fits	jw01210-o001_s000009414_nirspec_f290lp-g395h_x1d.fits	Itzel	6558	6569	4852	4867	4950	4968	5000	5012
20961	7.04457065169479	hlsp_jades_jwst_nirspec_goods-s-deephst-00020961_clear-prism_v1.0_x1d.fits	jw01210-o001_b000000167_nirspec_clear-prism_x1d.fits	hlsp_jades_jwst_nirspec_goods-s-deephst-00020961_f070lp-g140m_v1.0_x1d.fits	hlsp_jades_jwst_nirspec_goods-s-deephst-00020961_f170lp-g235m_v1.0_x1d.fits	hlsp_jades_jwst_nirspec_goods-s-deephst-00020961_f290lp-g395m_v1.0_x1d.fits	jw01210-o001_b000000030_nirspec_f070lp-g140m_x1d.fits	jw01210-o001_b000000030_nirspec_f170lp-g235m_x1d.fits	jw01210-o001_b000000030_nirspec_f290lp-g395m_x1d.fits	hlsp_jades_jwst_nirspec_goods-s-deephst-00020961_f290lp-g395h_v1.0_x1d.fits	jw01210-o001_b000000030_nirspec_f290lp-g395h_x1d.fits	Tamara			4857	4865	4951	4965	5002	5014
22251	5.79838391626917	hlsp_jades_jwst_nirspec_goods-s-deephst-00022251_clear-prism_v1.0_x1d.fits	jw01210-o001_s000009842_nirspec_clear-prism_x1d.fits	hlsp_jades_jwst_nirspec_goods-s-deephst-00022251_f070lp-g140m_v1.0_x1d.fits	hlsp_jades_jwst_nirspec_goods-s-deephst-00022251_f170lp-g235m_v1.0_x1d.fits	hlsp_jades_jwst_nirspec_goods-s-deephst-00022251_f290lp-g395m_v1.0_x1d.fits	jw01210-o001_s000009842_nirspec_f070lp-g140m_x1d.fits	jw01210-o001_s000009842_nirspec_f170lp-g235m_x1d.fits	jw01210-o001_s000009842_nirspec_f290lp-g395m_x1d.fits	hlsp_jades_jwst_nirspec_goods-s-deephst-00022251_f290lp-g395h_v1.0_x1d.fits	jw01210-o001_s000009842_nirspec_f290lp-g395h_x1d.fits	Diana	6558	6567	4844	4868	4953	4966	5000	5013
10000626	4.46468607001795	hlsp_jades_jwst_nirspec_goods-s-deephst-10000626_clear-prism_v1.0_x1d.fits	jw01210-o001_s000000626_nirspec_clear-prism_x1d.fits	hlsp_jades_jwst_nirspec_goods-s-deephst-10000626_f070lp-g140m_v1.0_x1d.fits	hlsp_jades_jwst_nirspec_goods-s-deephst-10000626_f170lp-g235m_v1.0_x1d.fits	hlsp_jades_jwst_nirspec_goods-s-deephst-10000626_f290lp-g395m_v1.0_x1d.fits	jw01210-o001_s000000626_nirspec_f070lp-g140m_x1d.fits	jw01210-o001_s000000626_nirspec_f170lp-g235m_x1d.fits	jw01210-o001_s000000626_nirspec_f290lp-g395m_x1d.fits	hlsp_jades_jwst_nirspec_goods-s-deephst-10000626_f290lp-g395h_v1.0_x1d.fits	jw01210-o001_s000000626_nirspec_f290lp-g395h_x1d.fits	Ulrica	6553	6570	4856	4866	4955	4965	5003	5016
10001587	3.43070237834676	hlsp_jades_jwst_nirspec_goods-s-deephst-10001587_clear-prism_v1.0_x1d.fits	jw01210-o001_s000001587_nirspec_clear-prism_x1d.fits	hlsp_jades_jwst_nirspec_goods-s-deephst-10001587_f070lp-g140m_v1.0_x1d.fits	hlsp_jades_jwst_nirspec_goods-s-deephst-10001587_f170lp-g235m_v1.0_x1d.fits	hlsp_jades_jwst_nirspec_goods-s-deephst-10001587_f290lp-g395m_v1.0_x1d.fits	jw01210-o001_s000001587_nirspec_f070lp-g140m_x1d.fits	jw01210-o001_s000001587_nirspec_f170lp-g235m_x1d.fits	jw01210-o001_s000001587_nirspec_f290lp-g395m_x1d.fits	hlsp_jades_jwst_nirspec_goods-s-deephst-10001587_f290lp-g395h_v1.0_x1d.fits	jw01210-o001_s000001587_nirspec_f290lp-g395h_x1d.fits	Ofelia	6556	6571	4858	4869	4948	4963	5001	5011
10001892	4.770522	hlsp_jades_jwst_nirspec_goods-s-deephst-10001892_clear-prism_v1.0_x1d.fits	jw01210-o001_s000001892_nirspec_clear-prism_x1d.fits	hlsp_jades_jwst_nirspec_goods-s-deephst-10001892_f070lp-g140m_v1.0_x1d.fits	hlsp_jades_jwst_nirspec_goods-s-deephst-10001892_f170lp-g235m_v1.0_x1d.fits	hlsp_jades_jwst_nirspec_goods-s-deephst-10001892_f290lp-g395m_v1.0_x1d.fits	jw01210-o001_s000001892_nirspec_f070lp-g140m_x1d.fits	jw01210-o001_s000001892_nirspec_f170lp-g235m_x1d.fits	jw01210-o001_s000001892_nirspec_f290lp-g395m_x1d.fits	hlsp_jades_jwst_nirspec_goods-s-deephst-10001892_f290lp-g395h_v1.0_x1d.fits	jw01210-o001_s000001892_nirspec_f290lp-g395h_x1d.fits	Fermina	6554	6570	4857	4865	4953	4962	5001	5010
10005113	5.820838	hlsp_jades_jwst_nirspec_goods-s-deephst-10005113_clear-prism_v1.0_x1d.fits	jw01210-o001_s000005113_nirspec_clear-prism_x1d.fits	hlsp_jades_jwst_nirspec_goods-s-deephst-10005113_f070lp-g140m_v1.0_x1d.fits	hlsp_jades_jwst_nirspec_goods-s-deephst-10005113_f170lp-g235m_v1.0_x1d.fits	hlsp_jades_jwst_nirspec_goods-s-deephst-10005113_f290lp-g395m_v1.0_x1d.fits	jw01210-o001_s000005113_nirspec_f070lp-g140m_x1d.fits	jw01210-o001_s000005113_nirspec_f170lp-g235m_x1d.fits	jw01210-o001_s000005113_nirspec_f290lp-g395m_x1d.fits	hlsp_jades_jwst_nirspec_goods-s-deephst-10005113_f290lp-g395h_v1.0_x1d.fits	jw01210-o001_s000005113_nirspec_f290lp-g395h_x1d.fits	Alexa			4855	4870	4950	4965	5000	5016
10005217	4.8883230178694	hlsp_jades_jwst_nirspec_goods-s-deephst-10005217_clear-prism_v1.0_x1d.fits	jw01210-o001_s000005217_nirspec_clear-prism_x1d.fits	hlsp_jades_jwst_nirspec_goods-s-deephst-10005217_f070lp-g140m_v1.0_x1d.fits	hlsp_jades_jwst_nirspec_goods-s-deephst-10005217_f170lp-g235m_v1.0_x1d.fits	hlsp_jades_jwst_nirspec_goods-s-deephst-10005217_f290lp-g395m_v1.0_x1d.fits	jw01210-o001_s000005217_nirspec_f070lp-g140m_x1d.fits	jw01210-o001_s000005217_nirspec_f170lp-g235m_x1d.fits	jw01210-o001_s000005217_nirspec_f290lp-g395m_x1d.fits	hlsp_jades_jwst_nirspec_goods-s-deephst-10005217_f290lp-g395h_v1.0_x1d.fits	jw01210-o001_s000005217_nirspec_f290lp-g395h_x1d.fits	Andrea	6556	6570	4857	4865	4951	4971	4999	5014
10005447	6.62257640301802	hlsp_jades_jwst_nirspec_goods-s-deephst-10005447_clear-prism_v1.0_x1d.fits	jw01210-o001_s000005447_nirspec_clear-prism_x1d.fits	hlsp_jades_jwst_nirspec_goods-s-deephst-10005447_f070lp-g140m_v1.0_x1d.fits	hlsp_jades_jwst_nirspec_goods-s-deephst-10005447_f170lp-g235m_v1.0_x1d.fits	hlsp_jades_jwst_nirspec_goods-s-deephst-10005447_f290lp-g395m_v1.0_x1d.fits	jw01210-o001_s000005447_nirspec_f070lp-g140m_x1d.fits	jw01210-o001_s000005447_nirspec_f170lp-g235m_x1d.fits	jw01210-o001_s000005447_nirspec_f290lp-g395m_x1d.fits	hlsp_jades_jwst_nirspec_goods-s-deephst-10005447_f290lp-g395h_v1.0_x1d.fits	jw01210-o001_s000005447_nirspec_f290lp-g395h_x1d.fits	Tatiana	6559	6566	4855	4870	4952	4962	5003	5016
10009506	3.59928686455817	hlsp_jades_jwst_nirspec_goods-s-deephst-10009506_clear-prism_v1.0_x1d.fits	jw01210-o001_s000009506_nirspec_clear-prism_x1d.fits	hlsp_jades_jwst_nirspec_goods-s-deephst-10009506_f070lp-g140m_v1.0_x1d.fits	hlsp_jades_jwst_nirspec_goods-s-deephst-10009506_f170lp-g235m_v1.0_x1d.fits	hlsp_jades_jwst_nirspec_goods-s-deephst-10009506_f290lp-g395m_v1.0_x1d.fits	jw01210-o001_s000009506_nirspec_f070lp-g140m_x1d.fits	jw01210-o001_s000009506_nirspec_f170lp-g235m_x1d.fits	jw01210-o001_s000009506_nirspec_f290lp-g395m_x1d.fits	hlsp_jades_jwst_nirspec_goods-s-deephst-10009506_f290lp-g395h_v1.0_x1d.fits	jw01210-o001_s000009506_nirspec_f290lp-g395h_x1d.fits	Anhelia	6555	6568	4856	4866	4953	4966	5000	5014
10009693	6.28599376348805	hlsp_jades_jwst_nirspec_goods-s-deephst-10009693_clear-prism_v1.0_x1d.fits	jw01210-o001_s000009693_nirspec_clear-prism_x1d.fits	hlsp_jades_jwst_nirspec_goods-s-deephst-10009693_f070lp-g140m_v1.0_x1d.fits	hlsp_jades_jwst_nirspec_goods-s-deephst-10009693_f170lp-g235m_v1.0_x1d.fits	hlsp_jades_jwst_nirspec_goods-s-deephst-10009693_f290lp-g395m_v1.0_x1d.fits	jw01210-o001_s000009693_nirspec_f070lp-g140m_x1d.fits	jw01210-o001_s000009693_nirspec_f170lp-g235m_x1d.fits	jw01210-o001_s000009693_nirspec_f290lp-g395m_x1d.fits	hlsp_jades_jwst_nirspec_goods-s-deephst-10009693_f290lp-g395h_v1.0_x1d.fits	jw01210-o001_s000009693_nirspec_f290lp-g395h_x1d.fits	Julieta	6559	6567	4855	4869	4951	4964	5003	5016
10009848	4.37	hlsp_jades_jwst_nirspec_goods-s-deephst-10009848_clear-prism_v1.0_x1d.fits	jw01210-o001_s000009848_nirspec_clear-prism_x1d.fits	hlsp_jades_jwst_nirspec_goods-s-deephst-10009848_f070lp-g140m_v1.0_x1d.fits	hlsp_jades_jwst_nirspec_goods-s-deephst-10009848_f170lp-g235m_v1.0_x1d.fits	hlsp_jades_jwst_nirspec_goods-s-deephst-10009848_f290lp-g395m_v1.0_x1d.fits	jw01210-o001_s000009848_nirspec_f070lp-g140m_x1d.fits	jw01210-o001_s000009848_nirspec_f170lp-g235m_x1d.fits	jw01210-o001_s000009848_nirspec_f290lp-g395m_x1d.fits	hlsp_jades_jwst_nirspec_goods-s-deephst-10009848_f290lp-g395h_v1.0_x1d.fits	jw01210-o001_s000009848_nirspec_f290lp-g395h_x1d.fits	Dolores	6555	6569	4860	4865	4950	4963	4994	5013
10013545	4.03498294164463	hlsp_jades_jwst_nirspec_goods-s-deephst-10013545_clear-prism_v1.0_x1d.fits	jw01210-o001_s000013545_nirspec_clear-prism_x1d.fits	hlsp_jades_jwst_nirspec_goods-s-deephst-10013545_f070lp-g140m_v1.0_x1d.fits	hlsp_jades_jwst_nirspec_goods-s-deephst-10013545_f170lp-g235m_v1.0_x1d.fits	hlsp_jades_jwst_nirspec_goods-s-deephst-10013545_f290lp-g395m_v1.0_x1d.fits	jw01210-o001_s000013545_nirspec_f070lp-g140m_x1d.fits	jw01210-o001_s000013545_nirspec_f170lp-g235m_x1d.fits	jw01210-o001_s000013545_nirspec_f290lp-g395m_x1d.fits	hlsp_jades_jwst_nirspec_goods-s-deephst-10013545_f290lp-g395h_v1.0_x1d.fits	jw01210-o001_s000013545_nirspec_f290lp-g395h_x1d.fits	Mileva	6556	6572	4857	4869	4955	4964	5002	5013
10013609	6.928894	hlsp_jades_jwst_nirspec_goods-s-deephst-10013609_clear-prism_v1.0_x1d.fits	jw01210-o001_s000013609_nirspec_clear-prism_x1d.fits	hlsp_jades_jwst_nirspec_goods-s-deephst-10013609_f070lp-g140m_v1.0_x1d.fits	hlsp_jades_jwst_nirspec_goods-s-deephst-10013609_f170lp-g235m_v1.0_x1d.fits	hlsp_jades_jwst_nirspec_goods-s-deephst-10013609_f290lp-g395m_v1.0_x1d.fits	jw01210-o001_s000013609_nirspec_f070lp-g140m_x1d.fits	jw01210-o001_s000013609_nirspec_f170lp-g235m_x1d.fits	jw01210-o001_s000013609_nirspec_f290lp-g395m_x1d.fits	hlsp_jades_jwst_nirspec_goods-s-deephst-10013609_f290lp-g395h_v1.0_x1d.fits	jw01210-o001_s000013609_nirspec_f290lp-g395h_x1d.fits	Gigi			4856	4869	4944	4965	5002	5015
10013618	5.94372301071691	hlsp_jades_jwst_nirspec_goods-s-deephst-10013618_clear-prism_v1.0_x1d.fits	jw01210-o001_s000013618_nirspec_clear-prism_x1d.fits	hlsp_jades_jwst_nirspec_goods-s-deephst-10013618_f070lp-g140m_v1.0_x1d.fits	hlsp_jades_jwst_nirspec_goods-s-deephst-10013618_f170lp-g235m_v1.0_x1d.fits	hlsp_jades_jwst_nirspec_goods-s-deephst-10013618_f290lp-g395m_v1.0_x1d.fits	jw01210-o001_s000013618_nirspec_f070lp-g140m_x1d.fits	jw01210-o001_s000013618_nirspec_f170lp-g235m_x1d.fits	jw01210-o001_s000013618_nirspec_f290lp-g395m_x1d.fits	hlsp_jades_jwst_nirspec_goods-s-deephst-10013618_f290lp-g395h_v1.0_x1d.fits	jw01210-o001_s000013618_nirspec_f290lp-g395h_x1d.fits	Alicia	6556	6569	4856	4865	4945	4966	5001	5014
10013620	5.91753186734937	hlsp_jades_jwst_nirspec_goods-s-deephst-10013620_clear-prism_v1.0_x1d.fits	jw01210-o001_s000013620_nirspec_clear-prism_x1d.fits	hlsp_jades_jwst_nirspec_goods-s-deephst-10013620_f070lp-g140m_v1.0_x1d.fits	hlsp_jades_jwst_nirspec_goods-s-deephst-10013620_f170lp-g235m_v1.0_x1d.fits	hlsp_jades_jwst_nirspec_goods-s-deephst-10013620_f290lp-g395m_v1.0_x1d.fits	jw01210-o001_s000013620_nirspec_f070lp-g140m_x1d.fits	jw01210-o001_s000013620_nirspec_f170lp-g235m_x1d.fits	jw01210-o001_s000013620_nirspec_f290lp-g395m_x1d.fits	hlsp_jades_jwst_nirspec_goods-s-deephst-10013620_f290lp-g395h_v1.0_x1d.fits	jw01210-o001_s000013620_nirspec_f290lp-g395h_x1d.fits	Aline	6558	6570	4857	4867	4953	4969	4998	5018
10013704	5.919825	hlsp_jades_jwst_nirspec_goods-s-deephst-10013704_clear-prism_v1.0_x1d.fits	jw01210-o001_s000013704_nirspec_clear-prism_x1d.fits	hlsp_jades_jwst_nirspec_goods-s-deephst-10013704_f070lp-g140m_v1.0_x1d.fits	hlsp_jades_jwst_nirspec_goods-s-deephst-10013704_f170lp-g235m_v1.0_x1d.fits	hlsp_jades_jwst_nirspec_goods-s-deephst-10013704_f290lp-g395m_v1.0_x1d.fits	jw01210-o001_s000013704_nirspec_f070lp-g140m_x1d.fits	jw01210-o001_s000013704_nirspec_f170lp-g235m_x1d.fits	jw01210-o001_s000013704_nirspec_f290lp-g395m_x1d.fits	hlsp_jades_jwst_nirspec_goods-s-deephst-10013704_f290lp-g395h_v1.0_x1d.fits	jw01210-o001_s000013704_nirspec_f290lp-g395h_x1d.fits	Nubella	6556	6571	4853	4867	4952	4967	4997	5014
10013905	7.197212	hlsp_jades_jwst_nirspec_goods-s-deephst-10013905_clear-prism_v1.0_x1d.fits	jw01210-o001_s000013905_nirspec_clear-prism_x1d.fits	hlsp_jades_jwst_nirspec_goods-s-deephst-10013905_f070lp-g140m_v1.0_x1d.fits	hlsp_jades_jwst_nirspec_goods-s-deephst-10013905_f170lp-g235m_v1.0_x1d.fits	hlsp_jades_jwst_nirspec_goods-s-deephst-10013905_f290lp-g395m_v1.0_x1d.fits	jw01210-o001_s000013905_nirspec_f070lp-g140m_x1d.fits	jw01210-o001_s000013905_nirspec_f170lp-g235m_x1d.fits	jw01210-o001_s000013905_nirspec_f290lp-g395m_x1d.fits	hlsp_jades_jwst_nirspec_goods-s-deephst-10013905_f290lp-g395h_v1.0_x1d.fits	jw01210-o001_s000013905_nirspec_f290lp-g395h_x1d.fits	Sara			4854	4870	4953	4965	5001	5016
10015338	5.07627227996806	hlsp_jades_jwst_nirspec_goods-s-deephst-10015338_clear-prism_v1.0_x1d.fits	jw01210-o001_s000015338_nirspec_clear-prism_x1d.fits	hlsp_jades_jwst_nirspec_goods-s-deephst-10015338_f070lp-g140m_v1.0_x1d.fits	hlsp_jades_jwst_nirspec_goods-s-deephst-10015338_f170lp-g235m_v1.0_x1d.fits	hlsp_jades_jwst_nirspec_goods-s-deephst-10015338_f290lp-g395m_v1.0_x1d.fits	jw01210-o001_s000015338_nirspec_f070lp-g140m_x1d.fits	jw01210-o001_s000015338_nirspec_f170lp-g235m_x1d.fits	jw01210-o001_s000015338_nirspec_f290lp-g395m_x1d.fits	hlsp_jades_jwst_nirspec_goods-s-deephst-10015338_f290lp-g395h_v1.0_x1d.fits	jw01210-o001_s000015338_nirspec_f290lp-g395h_x1d.fits	Valentina	6555	6570	4853	4871	4955	4967	5001	5012
10016186	3.92792643507394	hlsp_jades_jwst_nirspec_goods-s-deephst-10016186_clear-prism_v1.0_x1d.fits	jw01210-o001_s000016186_nirspec_clear-prism_x1d.fits	hlsp_jades_jwst_nirspec_goods-s-deephst-10016186_f070lp-g140m_v1.0_x1d.fits	hlsp_jades_jwst_nirspec_goods-s-deephst-10016186_f170lp-g235m_v1.0_x1d.fits	hlsp_jades_jwst_nirspec_goods-s-deephst-10016186_f290lp-g395m_v1.0_x1d.fits	jw01210-o001_s000016186_nirspec_f070lp-g140m_x1d.fits	jw01210-o001_s000016186_nirspec_f170lp-g235m_x1d.fits	jw01210-o001_s000016186_nirspec_f290lp-g395m_x1d.fits	hlsp_jades_jwst_nirspec_goods-s-deephst-10016186_f290lp-g395h_v1.0_x1d.fits	jw01210-o001_s000016186_nirspec_f290lp-g395h_x1d.fits	Juanita	6554	6572	4855	4866	4950	4964	4998	5015
10016374	5.50325569707072	hlsp_jades_jwst_nirspec_goods-s-deephst-10016374_clear-prism_v1.0_x1d.fits	jw01210-o001_s000016374_nirspec_clear-prism_x1d.fits	hlsp_jades_jwst_nirspec_goods-s-deephst-10016374_f070lp-g140m_v1.0_x1d.fits	hlsp_jades_jwst_nirspec_goods-s-deephst-10016374_f170lp-g235m_v1.0_x1d.fits	hlsp_jades_jwst_nirspec_goods-s-deephst-10016374_f290lp-g395m_v1.0_x1d.fits	jw01210-o001_s000016374_nirspec_f070lp-g140m_x1d.fits	jw01210-o001_s000016374_nirspec_f170lp-g235m_x1d.fits	jw01210-o001_s000016374_nirspec_f290lp-g395m_x1d.fits	hlsp_jades_jwst_nirspec_goods-s-deephst-10016374_f290lp-g395h_v1.0_x1d.fits	jw01210-o001_s000016374_nirspec_f290lp-g395h_x1d.fits	Peppa	6557	6572						
10035295	3.58892350772953	hlsp_jades_jwst_nirspec_goods-s-deephst-10035295_clear-prism_v1.0_x1d.fits	jw01210-o001_s000035295_nirspec_clear-prism_x1d.fits	hlsp_jades_jwst_nirspec_goods-s-deephst-10035295_f070lp-g140m_v1.0_x1d.fits	hlsp_jades_jwst_nirspec_goods-s-deephst-10035295_f170lp-g235m_v1.0_x1d.fits	hlsp_jades_jwst_nirspec_goods-s-deephst-10035295_f290lp-g395m_v1.0_x1d.fits	jw01210-o001_s000035295_nirspec_f070lp-g140m_x1d.fits	jw01210-o001_s000035295_nirspec_f170lp-g235m_x1d.fits	jw01210-o001_s000035295_nirspec_f290lp-g395m_x1d.fits	hlsp_jades_jwst_nirspec_goods-s-deephst-10035295_f290lp-g395h_v1.0_x1d.fits	jw01210-o001_s000035295_nirspec_f290lp-g395h_x1d.fits	Dory	6555	6574	4857	4868	4953	4970	5001	5015
10056849	5.8142066790736	hlsp_jades_jwst_nirspec_goods-s-deephst-10056849_clear-prism_v1.0_x1d.fits	jw01210-o001_s000056849_nirspec_clear-prism_x1d.fits	hlsp_jades_jwst_nirspec_goods-s-deephst-10056849_f070lp-g140m_v1.0_x1d.fits	hlsp_jades_jwst_nirspec_goods-s-deephst-10056849_f170lp-g235m_v1.0_x1d.fits	hlsp_jades_jwst_nirspec_goods-s-deephst-10056849_f290lp-g395m_v1.0_x1d.fits	jw01210-o001_s000056849_nirspec_f070lp-g140m_x1d.fits	jw01210-o001_s000056849_nirspec_f170lp-g235m_x1d.fits	jw01210-o001_s000056849_nirspec_f290lp-g395m_x1d.fits	hlsp_jades_jwst_nirspec_goods-s-deephst-10056849_f290lp-g395h_v1.0_x1d.fits	jw01210-o001_s000056849_nirspec_f290lp-g395h_x1d.fits	Frufrú	6559	6570	4854	4871	4956	4965	5002	5014
