ID	redshift	Flux ([OII] 3727) MAST G235M	F_err([OII] 3727) MAST G235M	Flux ([OIII] 4363) MAST G235M	F_err([OIII] 4363) MAST G235M	Flux (Hbeta 4861) MAST G235M	F_err(Hbeta 4861) MAST G235M	Flux ([OIII] 4959) MAST G235M	F_err([OIII] 4959) MAST G235M	Flux ([OIII] 5007) MAST G235M	F_err([OIII] 5007) MAST G235M	Flux ([NII] 5755) MAST G235M	F_err([NII] 5755) MAST G235M	Flux ([NII] 6548) MAST G235M	F_err([NII] 6548) MAST G235M	Flux (Halpha 6563) MAST G235M	F_err(Halpha 6563) MAST G235M	Flux ([NII] 6583) MAST G235M	F_err([NII] 6583) MAST G235M	Flux ([SII] 6716) MAST G235M	F_err([SII] 6716) MAST G235M	Flux ([SII] 6731) MAST G235M	F_err([SII] 6731) MAST G235M	Flux ([OII] 3727) JADES G235M	F_err([OII] 3727) JADES G235M	Flux ([OIII] 4363) JADES G235M	F_err([OIII] 4363) JADES G235M	Flux (Hbeta 4861) JADES G235M	F_err(Hbeta 4861) JADES G235M	Flux ([OIII] 4959) JADES G235M	F_err([OIII] 4959) JADES G235M	Flux ([OIII] 5007) JADES G235M	F_err([OIII] 5007) JADES G235M	Flux ([NII] 5755) JADES G235M	F_err([NII] 5755) JADES G235M	Flux ([NII] 6548) JADES G235M	F_err([NII] 6548) JADES G235M	Flux (Halpha 6563) JADES G235M	F_err(Halpha 6563) JADES G235M	Flux ([NII] 6583) JADES G235M	F_err([NII] 6583) JADES G235M	Flux ([SII] 6716) JADES G235M	F_err([SII] 6716) JADES G235M	Flux ([SII] 6731) JADES G235M	F_err([SII] 6731) JADES G235M	Flux ([OII] 3727) MAST G395M	F_err([OII] 3727) MAST G395M	Flux ([OIII] 4363) MAST G395M	F_err([OIII] 4363) MAST G395M	Flux (Hbeta 4861) MAST G395M	F_err(Hbeta 4861) MAST G395M	Flux ([OIII] 4959) MAST G395M	F_err([OIII] 4959) MAST G395M	Flux ([OIII] 5007) MAST G395M	F_err([OIII] 5007) MAST G395M	Flux ([NII] 5755) MAST G395M	F_err([NII] 5755) MAST G395M	Flux ([NII] 6548) MAST G395M	F_err([NII] 6548) MAST G395M	Flux (Halpha 6563) MAST G395M	F_err(Halpha 6563) MAST G395M	Flux ([NII] 6583) MAST G395M	F_err([NII] 6583) MAST G395M	Flux ([SII] 6716) MAST G395M	F_err([SII] 6716) MAST G395M	Flux ([SII] 6731) MAST G395M	F_err([SII] 6731) MAST G395M	Flux ([OII] 3727) JADES G395M	F_err([OII] 3727) JADES G395M	Flux ([OIII] 4363) JADES G395M	F_err([OIII] 4363) JADES G395M	Flux (Hbeta 4861) JADES G395M	F_err(Hbeta 4861) JADES G395M	Flux ([OIII] 4959) JADES G395M	F_err([OIII] 4959) JADES G395M	Flux ([OIII] 5007) JADES G395M	F_err([OIII] 5007) JADES G395M	Flux ([NII] 5755) JADES G395M	F_err([NII] 5755) JADES G395M	Flux ([NII] 6548) JADES G395M	F_err([NII] 6548) JADES G395M	Flux (Halpha 6563) JADES G395M	F_err(Halpha 6563) JADES G395M	Flux ([NII] 6583) JADES G395M	F_err([NII] 6583) JADES G395M	Flux ([SII] 6716) JADES G395M	F_err([SII] 6716) JADES G395M	Flux ([SII] 6731) JADES G395M	F_err([SII] 6731) JADES G395M	Flux ([OII] 3727) MAST G395H	F_err([OII] 3727) MAST G395H	Flux ([OIII] 4363) MAST G395H	F_err([OIII] 4363) MAST G395H	Flux (Hbeta 4861) MAST G395H	F_err(Hbeta 4861) MAST G395H	Flux ([OIII] 4959) MAST G395H	F_err([OIII] 4959) MAST G395H	Flux ([OIII] 5007) MAST G395H	F_err([OIII] 5007) MAST G395H	Flux ([NII] 5755) MAST G395H	F_err([NII] 5755) MAST G395H	Flux ([NII] 6548) MAST G395H	F_err([NII] 6548) MAST G395H	Flux (Halpha 6563) MAST G395H	F_err(Halpha 6563) MAST G395H	Flux ([NII] 6583) MAST G395H	F_err([NII] 6583) MAST G395H	Flux ([SII] 6716) MAST G395H	F_err([SII] 6716) MAST G395H	Flux ([SII] 6731) MAST G395H	F_err([SII] 6731) MAST G395H	Flux ([OII] 3727) JADES G395H	F_err([OII] 3727) JADES G395H	Flux ([OIII] 4363) JADES G395H	F_err([OIII] 4363) JADES G395H	Flux (Hbeta 4861) JADES G395H	F_err(Hbeta 4861) JADES G395H	Flux ([OIII] 4959) JADES G395H	F_err([OIII] 4959) JADES G395H	Flux ([OIII] 5007) JADES G395H	F_err([OIII] 5007) JADES G395H	Flux ([NII] 5755) JADES G395H	F_err([NII] 5755) JADES G395H	Flux ([NII] 6548) JADES G395H	F_err([NII] 6548) JADES G395H	Flux (Halpha 6563) JADES G395H	F_err(Halpha 6563) JADES G395H	Flux ([NII] 6583) JADES G395H	F_err([NII] 6583) JADES G395H	Flux ([SII] 6716) JADES G395H	F_err([SII] 6716) JADES G395H	Flux ([SII] 6731) JADES G395H	F_err([SII] 6731) JADES G395H
4404	5.763688	53.20144160248919	6.277662984477966	16.19275763691427	9.082292540524321																			52.83389187367359	9.392039302545827	18.87840479501283	10.998256740156954																					11.902631557328794	10.935132777838643	83.72153057713538	4.613223777312949	160.54624955203377	5.657858645477743	449.78143817562955	5.549532483867093	3.5972347461165897	3.7472397066611975	0.9824644727972996	3.825593426300829	226.51486972745863	4.396954397776079	8.24198747561347	3.090048587934124	2.163768149323991	3.163587282265128	2.7277875880505285	3.1495029162139843			27.495564028025274	13.682830686696816	90.64437523128142	11.64288658937776	191.98142526449865	10.094410945877037	507.2681393624825	8.856436401136298	6.363728235373385	4.17570556276185	0.8805476273832809	6.177657399104195	275.6940788211872	8.69663714856036	3.367034255201951	6.112142216628398	12.50774454761265	5.204419219340445	3.9645734549878022	5.1812490208158275			35.1570342881189	10.328267261814073	96.3918771202694	7.564152416778074	151.5692623559147	7.474444280965897	456.5258145997973	7.329244415711745	8.574331147954137	2.0914898866890907	3.5521757753534904	6.287505171058531	222.41632815064537	8.079495810265392	0.580966077790865	6.219345293495481	12.596297051982933	5.593692993243932	1.011042142729475	5.566799819237903			32.12266558833636	14.779499096017563	110.43002349036176	13.106872601431352	184.96949245877732	14.042834738169315	522.6782609718775	13.13383258582209	0.40122375025060547	3.5517834083882507	10.504669521616249	16.20376975933292	255.07540412310195	20.82346375945622	22.227985754463838	16.031925828188957	22.8072085033296	13.913683829660512	11.394261140134684	13.851739777324056
5759	5.05189382127941	39.36658697819019	19.53987469191774	23.39447188883396	13.204244589552365	10.34843769228756	27.72015759477871																	25.496391761546178	15.114151298959023	34.2390515852807	9.3690318048177	25.080763058089918	13.850150577841658																					43.93839766655532	10.44711611037179	88.87490399530297	10.63325402673215	261.51386428870046	13.465176994692417	1.4126880684523804	6.240160762476929	5.868791317035259	5.643136731714751	128.86922429851552	7.944162222816457	6.805464004264192	5.5832902383205365	1.1806193867745605	5.8538738739825735	2.053164545790043	5.829361002246408					57.15679965512685	15.703801982395635	101.72572081990819	9.642780195566454	204.415818961093	10.922062800443443	0.6025011493088214	7.343612257444381	11.796433398253939	7.489482150905263	138.14146270854116	11.787842578252853	13.558063855160439	7.410054827874639	6.2274426312447435	7.508951808426573	1.8489618404101946	7.4755217758374135					29.826094018087073	27.459157462895508	109.3624924571097	18.754922311892777	274.6347716004389	18.393811511715672	7.814500358786924	9.834386814059368	9.890264682699224	11.23402209277697	115.01956209483467	13.61735655835002	6.908728634402909	10.143136073229938	17.50579612832963	9.251577223511394	8.835774919385456	9.20874343620625					12.757653305253697	26.732845830419706	79.83989407722073	17.151286942711582	237.81599675961738	18.599652676476655	12.37303828140337	12.058883477141148	20.388323145545204	15.046463553638484	101.2055261005774	18.3439391033544	9.154254654727318	13.58981190543135	36.48955092046196	9.775647995468336	52.17007469464644	9.732126577384774
7892	4.22872754610498	51.94451879121727	6.211558300668815	24.34663805539298	6.351187462072185	93.85925863270505	6.67608118202656	178.3704472032161	4.789435442538283	489.35619291486677	5.146222427417705	1.084524865108199	5.3225986736945865											44.94984683776799	8.447050550328456	24.563971362899448	7.543344510781286	88.3624442771487	6.94774705995597	185.7614360091217	5.818248521153373	478.2980504011876	5.209963473989924	8.836458896653538	6.4909575278949925																					3.6435034492236587	2.5953313772467723	4.49420001043925	2.6610522175854663	239.33998288944548	3.7457403985097337	6.865154415856059	2.6324816747312307			1.876251483189108	1.8674491944994671											5.3234420258836685	4.875796198227299	4.404963291010148	2.6493419414905754	264.6980230899431	3.229952810203056	4.881323481656296	2.621245187408065	5.230793303101984	2.729445874331396	0.8855696409383348	2.7172943161852454											8.640892893757103	5.48335247648345	8.889550806517578	2.1289003998577063	250.22166996844507	2.9964416895661805																	1.6148121327295906	8.416741554906313	7.758538346605118	2.6365212403311027	285.1724504966525	3.1053304739672254	1.232485081681023	1.6497984885891965				
8083	4.6487198664651	85.1159791382866	6.237402673069491	36.1964797305789	12.093106005073402	251.85827564809455	6.530349067085175																	97.6599062914529	7.6766697186356945	30.242523280743363	12.884017291033032	267.8046204133758	9.698257642911507																											5.3855246478534236	3.8582265002394585	30.020406835172952	2.2089082379196094	688.2685781445805	2.693175360957806	37.876001054245066	2.1854823635255207	9.60319128356694	2.754205186643275	8.435196453007208	2.7415797947018232											7.641200499821295	5.002690064236102	32.30353573806015	3.7381456845294996	742.9146490845965	4.55737100960841	45.035172535726694	3.698501968337951	17.403374848499745	4.800468059652003	16.692564979361002	4.779096261327791																																	1.8765945905609875	7.013437259039182	32.16687036222334	6.093861687463733	921.1074891236724	8.138443978267537	40.013028011227064	6.029235173774033	1.8087940840116208	8.342690046466087	4.421568270998286	8.30554819135611
8113	4.90277103561231	52.1297405008094	7.4839376841616225	20.781363314691937	6.4377397798472265																			50.38783816288463	7.480858462218196	12.215899534602167	6.300727581030321																									123.95353878961333	8.013331886557372	389.4120065979176	7.859907157052973	0.40053982618284956	3.4014241834366366	2.9384988784921604	4.199880028596205	150.07099750939702	5.911820633431475	2.0810732401967544	4.15478886769859	4.411477942459775	3.957049736660726	9.777798505216442	3.939432856832606							116.26223524936945	5.571055217768522	376.49141602135154	5.464752492057861	2.4706967798714663	3.6846564645480857	3.2231218409592555	3.9969843528395397	178.58489015915453	5.626780567366804	2.4856569834952413	3.954595605405605	4.2647434802858495	3.595930392056445	9.58248102581663	3.579921224167607							118.7298965258403	10.112425811806567	383.1741251551133	9.91707105007072	3.5255096287085803	4.979083455853426	1.4009720805928585	4.5447423039112875	146.89024517728302	6.068900254247732	5.193742096328111	4.924783525926825	6.940443821744407	3.942980559060987	3.4025844193915824	3.925146741716256					21.71637290007497	4.028705393923693	114.87310179557797	10.894219358895393	407.4291697827219	10.686343980341006	18.953493096289733	7.416067380479101	13.697717461801442	9.150463674267055	156.57404652908951	11.155813976483266	10.809672487350285	9.053421339503082	0.07708256474123842	7.784951358177075	1.668867506615545	7.075016778852071
9422	5.935895	30.515275050050356	2.9644077532929907	26.05593925257505	9.305365215510989																			27.015996430922158	4.008930321809092	31.80494659842619	15.081183233490828																					24.258692780329813	8.201272145751227	167.8069207537957	4.606945982891441	300.3233154257023	3.042257329488567	860.0456659473698	2.9973296739970885	5.433972060862838	2.1263840313221296													32.354628561755604	12.163016106761967	201.22085686403406	4.588823084669748	383.67115362884533	4.798053686249254	1042.0072296471976	4.706500799943221	4.512503804625978	2.7117754576770357													36.44464377434554	8.643605779162957	164.34838673828767	3.8264812253608227	313.3039474073597	2.099328267192209	929.482762618837	1.962663713602169	5.953538356432495	3.144758214235763	0.04338532293028686	4.62881623582143	417.6010782519154	5.94749103694117	6.838508352068073	4.577251045203517	3.705041015657355	3.588328852996993	10.57668811690659	3.8576533885969138			37.087231458395514	9.698507392682812	193.54122296644942	7.305095178400002	405.96191325487143	2.9131433817871404	1079.6394555541904	2.857556949816259	0.09092748400240924	5.795397018345505	15.805479556601007	8.191376063770461	546.377215284496	10.526736996235911	10.92190075001506	8.104505027882734	0.9812271917636501	7.750017386314489	1.2368247439719817	7.143178056102554
16625	6.630648	11.068157662770423	5.287088961349253																					1.8719537748555455	8.156487205134605																							8.001844702076012	3.3463504392314234	38.46844584574227	3.1494514195559304	53.521045174234246	2.6757321339440567	138.5652903862326	2.624325148462477	2.2055400340117695	2.2407295896077315	3.6287146976344724	3.170355614044861	123.9285830250872	4.990152690784276	5.794369592542905	3.1367334150162423	4.501481867477763	2.109811770004188	15.256331629781803	2.57178641586211			6.682787613717244	6.828489530168224	71.70493805815538	6.471101612563639	64.82464878321797	4.159576583460559	222.0229202366101	4.469642433794753	3.2994781760397465	3.0758486752281593	6.372947787268274	6.787196588114068	188.13667476298517	10.6825015823925	6.864798876009894	6.715217131457522	13.876653440840373	5.675060192114099	20.148649075486162	5.649794688755367			3.1432070046663343	4.413974152010189	30.851614260642464	4.075619283618034	55.082321346592124	3.8621345995685328	157.19442835533354	3.972266869198556															0.2260985757174224	10.93056336451908	43.19961388081318	11.5315530278571	131.19385366994038	10.189745434289339	253.4503817737008	9.995312302392056												
18090	4.77562372049334	134.0196375815713	6.731054980470195	28.478869085388627	11.657977609685007	155.35763896215906	12.582463547796197	369.5883648059877	11.653484774222074	1158.790370827182	12.519482065182459													107.36860001498304	11.728741660798708	33.70803331409287	10.699845291445166	170.14086241875793	13.193117360759409	372.03122566835924	13.959956596357621	1169.7279523889606	13.693583103542045																					1039.4211560303268	3.8043353499985346	13.43585908081037	4.377886135488144	11.99684509174203	3.9590822922279516	366.6693740037747	5.573144400743606	11.641160351473099	3.917095503050197	0.4265113778343372	3.9341942357338997	5.046633543455134	3.916679109141169									1202.7489511721617	5.756478761990452	7.451408132233122	5.7340155068439245	11.709273439799144	6.4439552978341474	440.29306109815604	7.856166543510112	7.930163844314538	6.37561597760846	4.989570779206388	5.412017161192771	2.7902443948424196	5.387922731682124																															1288.2534357101479	11.1009808620791	5.269068989206143	11.916626467028644	20.947439723450973	8.898275490893495	493.57566248850003	11.204135996711322	20.136627442342505	8.803907657769733	7.909688437323004	9.45114000726306	4.3541054024222365	9.409063306485928
18846	6.335054	31.70932733664126	5.9144275295819515																					41.824564480056864	7.140009374043306																							22.501956666123732	6.7503826106650076	125.82689715658267	5.216283483397804	195.08208065362683	4.050569580124634	541.2053946422441	3.5535965401619016	1.2209553511691789	3.109480203212216	1.614968715743566	4.989887437842813	298.27686141268293	8.603277061426985	12.242355598107542	4.9369687722527065	4.615324132964765	4.082033650169118	8.310076191413465	4.06386033897458			27.14927261760311	7.954154985105873	109.61002764108417	5.365856112289546	213.86764847370898	7.628567047340599	584.8629166127357	6.10984751874416	2.253323474922929	4.014642799963369	4.123413347518069	8.127093233899995	318.2645453158687	11.440968050120519	31.590676568973922	9.84805584857012	8.034039362749226	5.804244922294519	0.9458653126632556	5.778404285436613																									15.072457180464877	10.279938651517975	88.50737317972379	12.032916989925843	190.43664271047967	10.089419975260137	583.6707059577878	9.896901179039196	7.17745947870804	8.697463315117147										
19519	3.60450973158305	112.23761853947202	11.841835633654076	33.605345599247336	7.995941030578782	138.4451052847953	4.315143411175831	262.64319956494774	4.479238236356962	758.0265836825919	5.380439071305574	5.544561633716857	3.6272899052200875	4.075348059491001	4.806428500429947	364.805083067548	6.765515960458345	8.072366024232888	4.754917908240855	12.306804028638384	3.8973869587973398	13.130847851445193	4.752053823264808	119.93182718175633	11.125219540906366	25.090339083605315	7.196443526959285	147.83303755255866	7.67622312839816	237.46580654442295	7.689791629864552	695.8303579911789	8.263009055429642	3.0232239166436745	4.523253256654225	0.06744143421180017	4.94451167190206	346.60463374958954	7.782263718682783	9.720085199077745	4.892074224572958	27.499208205781294	5.10461312888024	0.42886082264325776	4.1493435801678755													4.282889949019507	3.2768671400784144	363.14833110715193	4.613030904795466	10.316349641396156	3.241682911879105			6.034673152782033	3.237617006292879															362.54144688901664	5.399221166149483	7.242975033300652	4.381699464096077			11.267365384671653	4.930369058666172													14.109908263676623	3.4305875825131236	334.79964691151304	4.5171741500227975	12.067845263973686	3.3934479780816806	16.885699271483578	3.6756795706865613	12.258528434117382	3.6589882386774253													0.00903298270065467	7.213815085799537	365.34825592508304	8.794743307292675	23.358499944056998	7.137311262228426	20.76408399212816	6.634074126081865	3.5316882226307253	6.604539069809117
19606	5.88913558713673	0.9811355568187644	7.014013366581323	2.4582155669229193	7.409813440337118																			10.094100735491072	9.397128494197549	4.310248240055445	10.190169751228938																					10.916584053944373	7.722903586366382	48.99463275218443	5.435507854257076	62.31744642436821	6.836145676321104	196.164543325836	7.5357158696179285	0.8984816893936878	3.045392527762587	4.430332830237254	5.789523819495607	133.69900973295668	7.44011678951399	0.4305123416410927	4.676994366875507	3.414237693538745	3.4470977758357177	1.383203736032623	3.430828700538087			10.664247381484252	8.516956533470015	58.80048191378463	10.023239289650851	90.50266469582135	9.733245088610728	280.8730882583219	10.67445472624942	0.7774042192467415	4.7010339067739695	15.600060745584704	11.71206579541015	189.5791044387237	15.051175205618797	6.5462551434229574	9.461445786806575	1.3555943502775565	10.080344016636744	6.062077609587453	10.035466084591105			4.444845781574171	7.664377826401937	46.77565908296389	7.298116621357336	67.3749484323619	6.0653347122255905	200.16556876251227	5.94595420204654	1.9806427459639249	4.558019305564093													32.05599162719619	14.351107728875597	44.93610328209023	13.244718008944563	81.42600005613863	9.754366667174995	278.8452727551498	9.568241108591396	4.199040850662353	8.7343636754067										
22251	5.79838391626917	97.12358212003028	10.791676245540279	30.573697982336277	11.457843425036842																			64.87632125749954	6.857147693003769	2.438396057382335	11.041517229597362																					8.200479885506525	10.963270207009582	153.3265726273562	9.636826754816429	323.42250769904115	6.633519078713043	945.2353789572466	6.5064006373361485	10.249991342887956	4.862416441800304	6.893212105755753	5.6767625749468875	399.61938312804995	6.524594821997688	3.62718910524342	4.58467313038846	11.291062038390075	4.222471449016476	7.674432997535888	5.2511701776357205			26.4738200478784	8.478274580753615	111.0784076526204	6.459144020162546	237.24346017492098	5.532011281001348	664.8846868435063	5.426453562607178	9.250156671498582	3.5309694127133224	3.4781875068452446	6.331752489683131	330.10392298995475	7.27789576173679	9.301692153127842	6.26460310068661	15.629874697966438	3.7238440561700052	4.859420669518993	3.7072654135959575			41.87213486931825	15.277299426855894	169.34773221661595	10.00390596602944	327.09968058802514	9.940053300356551	952.7480172235105	9.701750283085987	3.687107990454029	7.226703087286469													11.748247625540348	17.02927077125448	77.4573154934929	17.228107180621393	221.23901406523922	18.581329484919756	681.4371083767043	19.11640226135959	21.109968485818086	11.463781272725448										
10009506	3.59928686455817	131.0268036572349	13.064427469301437	31.19006227318302	11.43971205762104	187.97954489187586	6.421705079896394	372.492863941527	5.113009517392813	1087.554680258969	5.015558973090716	3.766151739315102	2.829715328212016	5.763064048704074	5.763943905933766	427.2490659061275	8.113774907225261	8.489064990145343	5.702177497987096	16.049429973915057	6.386513334662139	3.6911964678827154	7.787026392345181	107.36394063341125	12.492971485358359	14.761098997467874	9.816504860037986	184.1887582509871	7.998395452438855	380.78459529741167	7.479577500442535	1060.934859999405	7.336857774215208	0.7433299401906116	4.34324591353301	7.334861649353786	10.855277149762703	510.61284742795897	17.08533321882538	2.2142080001697018	10.740154957422504	0.09809392997931829	10.963945028043623	4.408855362888619	13.368253509183045															442.4856658000527	3.4402158608102065																					545.1180560085199	5.62089245947344					10.1118632617689	4.824242659661482													7.6164060243371114	4.310602024650535	462.6708985364601	5.676568937223185	9.822581665197454	4.264510830511566	5.61703592057531	6.238399936614175	14.753701221332907	6.209803728843437													13.701473515304647	7.45546965323876	624.3760241769817	9.387447713854385	23.45391208862581	6.597655449811099	6.4932919817265855	7.6540523664986555	6.220693277401552	7.61997634277042
10013618	5.94372301071691	31.31356431828732	4.219080809640254	8.652672416710704	4.1120308988390315																			49.42525305129379	6.474966057282906	16.091986223640777	6.440965938356715																					10.684646894912332	4.261257277636123	28.317786267235018	3.376406631213137	50.57713000556602	2.4371149530525726	120.12219724683737	2.3903731582750645	9.522182248967972	1.520281330875438	2.1591288559371833	3.722480524692614	68.52239273613966	4.278581705838472	6.444186682700771	3.006757532380379	4.704809156138217	1.9627406780699086	8.146300869012297	2.392834711825361			15.585744794931374	5.64202121455673	30.528108055908884	4.70248479515072	58.70133379161771	3.346184253493032	140.77737726137715	3.6697619339104475	15.51527802444565	3.744043563009225	5.351917759843345	4.822828693901876	74.69173609928016	5.543495986000731	4.699869725517464	3.896061806988088	6.278646678198747	3.7934688409502337	5.975310429510743	3.0835648430848708			5.4984423573638885	4.604619914527186	31.26407850591578	4.142865588117711	49.542060578291455	3.8478857257814543	133.35062129574686	3.9563886781508013	1.7970455727051864	2.821010279547039													13.580311504268256	10.990992977046364	36.65433413971067	11.230094328237964	61.846504259675605	10.253172383743731	161.38653867471768	10.05752898604368	0.9481096203866959	5.916366704761307										
10013704	5.919825	18.70659708255863	4.190745901958441	21.037590196985747	7.886459631054412																			17.347911044039222	6.231355541794899	17.215110779258975	10.89080725443641																					17.741440794223816	7.451568684033966	92.38708926842827	4.050658112897502	140.35465659663092	3.4664090457706926	429.7813184880078	3.4003218984018084	6.16151696128142	2.2157843698313195	28.79034569473368	3.194154098749149	258.16605021282123	4.4965910860383245	20.14382518167601	3.1602795124559835	10.10962389229834	2.889908432776241	4.57860163449555	2.8762799570367963			5.970421828012271	9.388775505788749	96.63821719718621	7.190312679677571	179.77199077998472	6.457583946684957	483.3560455262187	5.66562841907733	8.556807597679907	3.1602854121012176	32.152281310109146	6.226913223887189	325.38637754102126	9.800660626817058	30.68608182958011	6.160875674407269	14.760537676407054	5.506592619101905	5.325423256842757	4.476097239066263			24.845606511916195	7.060769911033037	80.74874194734258	4.551180311095019	145.8426622192045	3.9370127762699725	442.97464826833783	3.6623194745086076			29.37496170146627	5.850690883688463	260.5921923394848	7.13274479730985	27.725227868795564	5.786228688271003	7.374045968824561	4.828601218992454	16.960001990447623	4.8062432744346735			34.74645369485845	8.023386708715593	100.59706790550115	8.427488933840156	176.89033147485884	7.544961196351144	502.89386166465465	7.4009938671444395			53.9321634560579	11.594912250193383	295.4377131915035	13.795294596926958	37.268774431205614	10.620958276245794	15.7630127869002	9.63122306328173	28.448161992039914	9.588344628440147
10016186	3.92792643507394	138.27052615176814	10.589815363415196	24.19143700210188	6.5791448193560855	113.25848190171244	6.183741805686101	186.4877869833926	7.192759493585831	499.17767638411704	7.054726777240111	7.920149111138916	4.435899892881664											106.91143568228678	10.966263723300798	25.567641301347216	9.154573797363946	129.63587772828737	8.764440570900621	176.83103994262356	9.06966693955183	519.7122545999471	8.896606311128664	12.213807668155436	6.082306557122074																									251.56039655441216	4.039168063600631	12.326208926193493	3.277958060068364																	4.0599145498346685	5.070933946420481	315.28721847998634	6.182243633443449	13.937564006559692	5.0171557678358525																	5.02896621509303	4.179658300747929	270.0525505109892	6.24055657587864	14.236658641556811	4.134421986153421	18.95316057768087	4.854183406562703	2.6623033144619517	4.831550348548266													7.137403422863017	7.210802831289124	306.8888014396695	9.49544183664479	6.719594094254242	7.134330953228194	33.26265426291536	7.6678114347626805	10.660565663917966	7.633674155332929
10035295	3.58892350772953	30.280154632373705	5.464048656142897	49.40133022957993	11.969835914036015	169.93934021662014	7.477015427558533	318.1751929030337	8.132827377589866	968.1698203711508	8.919275827144276	4.350210110573696	5.63255554224186	16.435457018841024	6.385109254613139	528.6372962827385	8.989012730512403	4.23478720724988	6.3173940073988	1.270940087347891	10.463123621226682	4.928156460905673	8.504122670190142	28.589686843401793	13.50711636302334	43.7021890736664	9.37034704193681	168.65198056618325	8.746380927370517	320.79846063102457	11.182522684791882	932.5693650776195	10.0134146080228	2.1234869755789374	5.750825129025763	8.488893399302802	8.307038269473917	589.3237707219572	11.694286837484603	7.128563839404715	8.218940614821696	8.133156932009571	10.142799443749384	7.294573234262447	8.24469135942362													3.571540931720554	3.381898167775627	494.2687134365402	4.7608890131700825	12.499838078633571	3.3460325214186963	2.9724638377089283	5.003717398756213	9.78723953170079	4.980781634431754															554.810563966619	5.769265232539476																			11.219341394382374	4.872465731950546	515.160666308953	6.859094821513187	0.7656914481057033	4.820158581475935	6.661690408068214	5.930053281628039	3.0894504364079496	5.903652542947326													2.41071917065684	8.587217016691474	574.3775405436027	11.3079530294246	7.751885716519495	8.496148015369815	1.7394619114756775	9.609617205360838	7.679731970192755	10.696046650395001
10056849	5.8142066790736	12.147802396202605	9.963468599533964	14.765756856374995	9.140957449540124																			21.23839483623227	10.565720837790172	36.279993407376345	16.591776210658377																					1.329577283015502	6.703974847611927	49.87016420244085	2.8832983051209022	37.01013651957987	6.084398841268454	141.8384273887018	5.337679177554657	2.8018256533858543	3.0539210411748607	8.962466821051143	4.687566377404998	116.54075151310829	6.598951877777197	14.000160205079972	5.679431439613275	6.114182660086356	4.781875887771839	9.444159618073467	4.76185533729012			4.828877090895709	8.663925434599735	51.81690260168298	7.047652621271864	43.590386560899255	11.114355665849464	173.6055265469509	12.189119382740627	1.098731486902535	4.879881779224422	16.550574181944583	4.105631442370714	146.85701077459896	5.779729210168411	17.99487542619771	4.975024473629018	4.830976786652693	6.193798542428	13.362383587653468	7.55205073431481					37.9131827127823	6.790346890168658	65.23130018316411	6.465992576842951	167.36734672210912	7.252247321503129	6.64435224246462	5.7601303647019515															53.88947296106673	14.793748372435008	95.78347583115169	11.521601632109496	209.97339575419585	13.841766489113933	33.2770857277606	10.999461812314989										
