ID	redshift	Flux (Ha 6563) MAST G235M	F_err(Ha 6563) MAST G235M	Optimal dline (Ha 6563) MAST G235M	Flux (Hb 4861) MAST G235M	F_err(Hb 4861) MAST G235M	Optimal dline (Hb 4861) MAST G235M	Flux ([OIII]4959) MAST G235M	F_err([OIII]4959) MAST G235M	Optimal dline ([OIII]4959) MAST G235M	Flux ([OIII]5007) MAST G235M	F_err([OIII]5007) MAST G235M	Optimal dline ([OIII]5007) MAST G235M	Flux ([NII]6583) MAST G235M	F_err([NII]6583) MAST G235M	Optimal dline ([NII]6583) MAST G235M	Flux ([OIII]4363) MAST G235M	F_err([OIII]4363) MAST G235M	Optimal dline ([OIII]4363) MAST G235M	Flux (Ha 6563) JADES G235M	F_err(Ha 6563) JADES G235M	Optimal dline (Ha 6563) JADES G235M	Flux (Hb 4861) JADES G235M	F_err(Hb 4861) JADES G235M	Optimal dline (Hb 4861) JADES G235M	Flux ([OIII]4959) JADES G235M	F_err([OIII]4959) JADES G235M	Optimal dline ([OIII]4959) JADES G235M	Flux ([OIII]5007) JADES G235M	F_err([OIII]5007) JADES G235M	Optimal dline ([OIII]5007) JADES G235M	Flux ([NII]6583) JADES G235M	F_err([NII]6583) JADES G235M	Optimal dline ([NII]6583) JADES G235M	Flux ([OIII]4363) JADES G235M	F_err([OIII]4363) JADES G235M	Optimal dline ([OIII]4363) JADES G235M	Flux (Ha 6563) MAST G395M	F_err(Ha 6563) MAST G395M	Optimal dline (Ha 6563) MAST G395M	Flux (Hb 4861) MAST G395M	F_err(Hb 4861) MAST G395M	Optimal dline (Hb 4861) MAST G395M	Flux ([OIII]4959) MAST G395M	F_err([OIII]4959) MAST G395M	Optimal dline ([OIII]4959) MAST G395M	Flux ([OIII]5007) MAST G395M	F_err([OIII]5007) MAST G395M	Optimal dline ([OIII]5007) MAST G395M	Flux ([NII]6583) MAST G395M	F_err([NII]6583) MAST G395M	Optimal dline ([NII]6583) MAST G395M	Flux ([OIII]4363) MAST G395M	F_err([OIII]4363) MAST G395M	Optimal dline ([OIII]4363) MAST G395M	Flux (Ha 6563) JADES G395M	F_err(Ha 6563) JADES G395M	Optimal dline (Ha 6563) JADES G395M	Flux (Hb 4861) JADES G395M	F_err(Hb 4861) JADES G395M	Optimal dline (Hb 4861) JADES G395M	Flux ([OIII]4959) JADES G395M	F_err([OIII]4959) JADES G395M	Optimal dline ([OIII]4959) JADES G395M	Flux ([OIII]5007) JADES G395M	F_err([OIII]5007) JADES G395M	Optimal dline ([OIII]5007) JADES G395M	Flux ([NII]6583) JADES G395M	F_err([NII]6583) JADES G395M	Optimal dline ([NII]6583) JADES G395M	Flux ([OIII]4363) JADES G395M	F_err([OIII]4363) JADES G395M	Optimal dline ([OIII]4363) JADES G395M	Flux (Ha 6563) MAST G395H	F_err(Ha 6563) MAST G395H	Optimal dline (Ha 6563) MAST G395H	Flux (Hb 4861) MAST G395H	F_err(Hb 4861) MAST G395H	Optimal dline (Hb 4861) MAST G395H	Flux ([OIII]4959) MAST G395H	F_err([OIII]4959) MAST G395H	Optimal dline ([OIII]4959) MAST G395H	Flux ([OIII]5007) MAST G395H	F_err([OIII]5007) MAST G395H	Optimal dline ([OIII]5007) MAST G395H	Flux ([NII]6583) MAST G395H	F_err([NII]6583) MAST G395H	Optimal dline ([NII]6583) MAST G395H	Flux ([OIII]4363) MAST G395H	F_err([OIII]4363) MAST G395H	Optimal dline ([OIII]4363) MAST G395H	Flux (Ha 6563) JADES G395H	F_err(Ha 6563) JADES G395H	Optimal dline (Ha 6563) JADES G395H	Flux (Hb 4861) JADES G395H	F_err(Hb 4861) JADES G395H	Optimal dline (Hb 4861) JADES G395H	Flux ([OIII]4959) JADES G395H	F_err([OIII]4959) JADES G395H	Optimal dline ([OIII]4959) JADES G395H	Flux ([OIII]5007) JADES G395H	F_err([OIII]5007) JADES G395H	Optimal dline ([OIII]5007) JADES G395H	Flux ([NII]6583) JADES G395H	F_err([NII]6583) JADES G395H	Optimal dline ([NII]6583) JADES G395H	Flux ([OIII]4363) JADES G395H	F_err([OIII]4363) JADES G395H	Optimal dline ([OIII]4363) JADES G395H
3184	3.46762	67.0070737675228	1.0903605673204164	4.5	30.31884594926619	1.6456005585717983	6.5	64.5397929004304	1.443406801536495	6.0	159.65034989054266	1.551059884288836	6.5	2.5010739832646722	1.0836847507263987	5.0	8.955021548035452	1.6676893838470024	4.5	47.55458038187441	1.2014683592646527	5.5	16.430173511947185	0.919643648325323	5.0	38.39030186721201	0.8836547193290105	5.0	99.18833966472278	0.8667934782212374	5.5	1.0740086249417942	1.068106185093693	5.0	3.601239747743818	1.021046181132378	4.5	64.60294953944474	1.6308372194405598	6.0			5.0			5.0			5.0	2.5081304812719525	1.323406423676334	5.0			5.0	57.40484078438267	1.0190344638026192	6.5			5.0			5.0			5.0	1.2433784962625705	0.7161944852942118	5.0			5.0	71.49558783687317	1.4476764700417162	5.0			5.0			5.0			5.0	3.0576219062727135	1.554091303564949	5.0			5.0	61.25878699129703	1.428141295290281	5.5			5.0			5.0			5.0	0.6708600567448054	1.3277988922176	5.0			5.0
3334	6.70593			5.0			5.0			5.0			5.0			5.0			5.0			5.0			5.0			5.0			5.0			5.0			5.0	3.397157973645652	0.9523639966870077	5.0	0.14340392623493545	0.5651022818268406	5.0	1.4881131266787475	0.4856501697591341	5.0	5.248859975472312	0.4763833549871591	5.0	0.42587807704965036	0.5986098370302546	5.0	0.036303798527291466	0.6274266534249563	5.0	3.8440037494457626	0.9694213535501942	5.0	2.600682546494495	0.5982827966969728	5.5	4.072787112814162	0.5748698615572235	5.0	12.784911838613636	0.5043680503110461	5.0	0.46510341025636587	1.0772702998212067	5.0	0.8928461475349786	0.7426553795611152	5.0																			4.089138172424748	1.5519762439050804	5.0	4.0065543696722585	0.45439938151083165	5.5			5.0			5.0	2.3472774938380976	1.542560362438814	5.0	0.6861227143073877	0.41390044336159015	5.0
3968	5.76847043540196			5.0			5.0			5.0			5.0			5.0	0.24041405747449698	0.0	5.0			5.0			5.0			5.0			5.0			5.0	1.975236992582279	0.0	5.0	2.9883604670591963	0.5170068514658328	5.5	1.4192357847330215	0.62921593103491	5.0	2.1038226923507817	0.6113563228751078	5.0	6.976414372828157	0.7656524385068021	5.5	0.5525578733440105	0.5138872186532679	5.0	0.6190497738834663	0.9018524451243588	5.0	2.163691034101172	0.6296635820722559	5.0	1.2112999528689985	1.0045879256749206	8.0	2.8582665505124556	0.6319207072888443	5.0	8.115407726309188	0.8002395203761677	5.5	0.39239176389945385	0.625843396244543	5.0	0.0368716143675565	0.6665530929608343	5.0	3.9811636367153542	0.8241255641057269	5.0	2.482433274411986	0.8905185387373005	5.0	2.5688836590443844	0.8551410581822662	5.0	7.701052561987628	0.8447124317454882	5.0	0.11026684652138079	0.6376339302879792	5.0	0.42072355676924666	1.1084140862388565	5.0	4.013515574663816	1.2996215603608496	5.0	0.8675718880796157	1.1132411464615024	5.0	1.8541282962581322	1.0696760583444627	5.0	8.936325655417246	1.049265296615467	5.0	0.7562695584776203	1.291736721523108	5.0	0.5176228029833965	1.0703989915567287	5.0
4197	3.748809	3.7755336766768357	5.175082311350768	5.0	2.1141223118276207	0.8834996145323885	5.0	1.7170342608729052	0.7592296865182427	5.0	0.2877218116534219	0.8326150423981712	5.0	0.6954116523547206	5.143684948270356	5.0	0.26051234774843385	1.0969431355952728	5.0	3.6048466135443435	6.667834645802178	5.0	2.3919398626726225	1.7027771487650762	5.0	2.152587725032672	1.463409373209374	5.0	0.6378103577561446	1.6049217869353989	5.0	0.9979620580133243	6.627380714304056	5.0	0.9476069343282294	1.890530215951605	5.0	1.4120538844247041	0.4848889358689786	5.0			5.0			5.0			5.0	0.7845289476848792	0.3935081607260391	5.0			5.0	0.9746860039750903	0.6102598959627743	5.0			5.0			5.0			5.0	1.399335159791297	0.6065574328183618	5.0			5.0	0.583905999113491	0.576558880945967	5.0			5.0			5.0			5.0	1.1021066661187835	0.5670771348646279	5.0			5.0	3.423789383656516	1.1000124654206522	4.5			5.0			5.0			5.0	1.8655786521102866	1.0933386603117183	5.0			5.0
4270	4.02261238702772			5.0	34.08560266738514	0.9215985434015408	4.5	60.05274139723894	0.8807811013223531	5.0	198.32036680281425	0.8639166461085805	4.5			5.0	5.895807605771443	1.138514585422162	5.0			5.0	28.709171194029327	0.7065915343864786	5.5	64.61835660057787	0.6789400928672032	5.0	178.32987395760483	0.6659850637668108	5.0			5.0	2.1940191131110747	0.7845023331808247	5.0	118.97098238939512	0.4942600393123998	7.5			5.0			5.0			5.0	2.8202435895125952	0.3107174990780702	5.0			5.0	117.54477664745102	0.6342648443763987	6.0			5.0			5.0			5.0			5.0			5.0	98.17199851686559	0.7957156408226848	5.0			5.0			5.0			5.0	2.3896725987381715	0.7908004171488501	5.0			5.0	125.51858152996071	1.328250563768652	5.5			5.0			5.0			5.0	3.245794132830169	1.2446889843943854	5.0			5.0
4282	3.599695	3.9761343043564854	0.9379360881062433	5.0	0.004358145539220626	0.9294546143946568	5.0	1.698556722812713	1.0937567081827329	6.5	4.35436662560869	0.8759674970745831	4.5	0.9044098702636391	0.5894724286299435	5.0	0.9806984593111808	1.1539354353551645	5.0	2.314473089167093	2.6276862981537104	5.0	4.492417671619902	2.214582650387462	5.0	7.572667145587405	1.9032678531502907	5.0	6.74223280730542	2.0873148005025364	5.0	2.394345237810023	2.336014898687795	5.0	1.4227740878287123	2.458768852585763	5.0	2.597630233818557	0.6615331422988706	5.0			5.0			5.0			5.0	0.33424927573203517	0.6575196029948165	5.0			5.0	12.25997129876432	1.6989501590002607	4.5			5.0			5.0			5.0	2.062948250067689	1.6886425828524942	5.0			5.0	3.7763490232104573	0.7363017839972725	5.0			5.0			5.0			5.0	0.25029997988306435	0.7904255094204303	5.0			5.0	6.475636705296246	2.0709359896158777	5.0			5.0			5.0			5.0	0.28682916349617205	1.555982647996552	5.0			5.0
4297	6.712776			5.0			5.0			5.0			5.0			5.0			5.0			5.0			5.0			5.0			5.0			5.0			5.0	12.570734992697309	0.8764897567309958	5.0	4.024890872035438	0.5979460937860239	5.0	6.5377678749331585	0.574500528895855	5.0	22.590801683084226	0.5635233600930523	6.0	0.5953251026036148	0.7752634568655075	5.0	1.4606273361705409	0.742355776797662	5.0	16.25619534768906	1.0436575337070604	5.5	5.119405335263134	2.0880427494492704	5.0	9.179949092093196	2.0063302052610767	5.0	28.28103027002481	1.9680469068267448	5.0	1.5839667939230397	0.6560623366794187	5.0	0.2715103913456198	2.5919116999392093	5.0	10.909013460248254	1.443211979384222	5.0			5.0	6.994409592545686	0.9585926636524802	5.0	23.611667940500453	0.8998115551672252	5.0	2.5602492153456504	1.379366325569939	5.0	1.4970774392628525	1.1922968107811542	5.0	14.377535091415927	2.9958322613894297	5.0			5.0	11.052913615336227	1.452688221960745	5.0	29.490169489999047	1.4249691074362358	5.0	4.230476812014448	3.1100607478587476	5.0	1.0798582699609383	1.8766799148963418	5.0
4404	5.763688			5.0			5.0			5.0			5.0			5.0	2.310966537345642	0.0	5.0			5.0			5.0			5.0			5.0			5.0	2.202254262655681	0.0	5.0	22.65148697274586	0.45839541465716116	5.0	8.372153057713538	0.5099238619118484	5.0	16.054624955203376	0.5657858645477742	4.5	44.97814381756295	0.5549532483867093	5.0	1.0682226631359117	0.45567464368253596	5.0	1.1902631557328793	0.6329325356487582	5.0	27.569407882118718	0.7734970914839642	5.0	9.064437523128142	0.9396431431182035	5.0	19.198142526449864	1.0094410945877037	6.5	50.726813936248256	0.8856436401136298	5.0	0.6628823038513052	0.7688042638996471	5.0	2.749556402802527	1.0101233184137886	5.0	22.241632815064538	0.8534149609192702	5.0	9.63918771202694	0.7814927836846242	5.0	15.15692623559147	0.7474444280965896	5.0	45.65258145997973	0.7329244415711745	5.0	0.33034881133433164	0.8481464933665352	5.0	4.85109624825982	0.9688073533584861	5.0	25.507540412310195	1.9002661110300472	5.0	11.043002349036176	1.3934629204293882	5.0	18.496949245877733	1.4042834738169314	5.0	52.26782609718776	1.3133832585822087	5.0	1.5202531439930667	1.8887371456057538	5.0	4.410203567200278	1.729721696477597	5.0
5329	3.5873007444784	9.147991671121835	0.6987742434377925	4.5	7.340463795929073	0.9725059319906924	6.5	5.43356176641956	0.7629596953324901	5.0	13.787082018957028	0.8367103299555526	5.0	0.3731518549394391	0.6945347613751385	5.0	3.071470472761177	0.9858344711666279	4.5	8.699578970398166	1.0770323963233306	5.0	5.7897861172859715	1.383733522463671	6.0	6.1781300127472365	1.3295831049839493	6.5	11.816276108709072	1.0648854476255472	4.5	1.5650388721041768	1.196853162203444	5.0	1.083250239332032	0.9916825039726092	5.0	8.026205925193148	0.6074670079443739	4.5			5.0			5.0			5.0	3.4316550720064574	0.6037814893264267	4.5			5.0	10.328076453224634	0.8671901262180047	5.5			5.0			5.0			5.0	0.9597382019949096	0.7037619675855923	5.0			5.0	9.338134759213101	0.8189246951829561	5.0			5.0			5.0			5.0	2.4512714650529155	0.8139358377569528	5.0			5.0	10.290432195301776	1.252952407644316	5.0			5.0			5.0			5.0	0.5488246165070069	1.3451325069663866	5.0			5.0
5457	4.8631511339788																					5.0	0.87627709002499	1.2016568649547419	5.0	3.472380271454811	1.1546317550991838	5.0	15.745910065032312	1.2407010628241684	5.5			5.0	1.6705585354999297	1.491630613602699	5.0																			9.020243639625377	0.5839420585719401	7.5			5.0	5.930426291716505	1.4136697886909428	6.5	15.58587838102478	1.2402978878981095	5.0	1.173449162581296	0.4495753386242515	5.0			5.0																					5.0			5.0	9.793968865058554	1.7402700991824118	5.5	16.912258468391098	1.6194626895064315	5.0			5.0			5.0
5759	5.05189382127941			5.0	1.034843769228756	0.0	5.0			5.0			5.0			5.0	4.715219632151218	0.0	5.0			5.0	2.508076305808992	0.0	5.0			5.0			5.0			5.0	4.120655186009718	0.0	5.0	12.886922429851552	0.7170524360478582	5.5	4.393839766655532	1.106484931029502	5.0	8.887490399530298	1.063325402673215	5.0	26.151386428870044	1.3465176994692418	6.5	0.33250677457623573	0.6172180890301068	5.0			5.0	13.814146270854117	1.345824309959317	7.0	5.7156799655126855	1.2955781544682115	6.0	10.172572081990818	0.9642780195566454	5.0	20.4415818961093	1.0922062800443444	5.5	0.660836619119355	1.1964387230278442	5.0			5.0	11.501956209483465	1.4314818087946735	4.5	2.982609401808707	2.0712505673960657	5.0	10.93624924571097	1.8754922311892777	4.5	27.463477160043894	1.8393811511715672	4.5	2.3824316282773053	1.4305450113724225	5.0			5.0	12.306287453223744	2.011756480207019	7.0	1.2757653305253698	1.7849813679986395	5.0	7.983989407722073	1.7151286942711583	5.0	23.781599675961736	1.8599652676476657	6.0	0.9154254654727316	1.2400689497598927	5.0			5.0
6002	5.93685818347379			5.0			5.0			5.0			5.0			5.0	0.3244660597601694	0.0	5.0			5.0			5.0			5.0			5.0			5.0	0.9408639605774826	0.0	5.0	8.685578619738088	0.3891633701120999	6.0	3.046084478685228	0.35460033714529254	7.0	4.999722657319814	0.2781720296156826	5.0	14.613302451334437	0.30506131496203603	6.0	0.36101572979362834	0.3459390058113338	5.0	0.07201076499102035	0.31126743120105005	5.0	9.901732422737576	0.530920458237896	5.0	3.2051978168866886	0.4596143032607456	5.0	6.426280803348512	0.4416279597941883	5.0	16.796822386644784	0.4843336030020964	5.5	0.2127566884422668	0.5276993495888528	5.0	1.1986662745832497	0.5705245691906929	5.0	8.579057625423234	0.4250218838897908	5.0	3.0572803473567873	0.3914534403058513	5.0	4.8191831020917215	0.3583662137541971	5.0	15.453078589396364	0.3513795525899305	5.0	0.07228193805695131	0.4406015956213937	5.0	0.45039516156200626	0.48757936838022625	5.0	11.278378760343744	0.9293352578270611	5.0	4.078379788310535	0.6133968719571136	5.0	5.965553331854281	0.5893924692609681	5.0	17.743243762268566	0.5512406976902898	5.0	0.7352011709751166	0.9236969559109726	5.0	1.832200226142186	0.7259822969005579	5.0
6246	5.56159788939357			5.0			5.0			5.0			5.0			5.0	1.7627035287510642	0.0	5.0			5.0			5.0			5.0			5.0			5.0	1.547336472757086	0.0	5.0	5.847680542358362	0.4276853753988908	4.5	3.73870399514328	0.7156758060405677	5.0	3.980541976572216	0.6876688646402379	4.5	10.180578781845767	0.7541667856328784	6.0	0.2400923471988319	0.42506240866716694	5.0			5.0	7.235773436964954	0.3263392097215394	5.5	3.595564337598844	0.49393817265240525	5.5	3.2815926659495225	0.4245028494595139	5.0	11.40354369442708	0.41640280230403165	4.5	0.00895176821121008	0.2901157784591413	5.0			5.0	5.852249603028376	0.7361435872782877	5.0	1.4478747289286749	0.8616298894010268	5.0	5.701479990524433	0.8273571679379159	5.0	8.717834073507142	0.8147749698488276	5.0	0.8562511729291463	0.771053411910581	5.0			5.0	8.462406583395676	0.5780052573096958	4.5	3.6591250896258187	0.599072148486792	5.0	4.871667326543061	0.5756283232020724	5.0	12.847425084880086	0.5646446123320912	5.0	1.2945373409041159	0.605574573836527	5.0			5.0
6384	5.61541238216689			5.0			5.0			5.0			5.0			5.0	0.6876199852590044	0.0	5.0			5.0			5.0			5.0			5.0			5.0	0.11343464440170162	0.0	5.0	2.0415784426076655	0.5636433851274578	4.5	2.8380446558751564	0.5203470055307631	4.5	1.8794854161517422	0.49996741540166184	5.0	4.370417616675178	0.4904192880046828	5.0	0.41609166768955697	0.5602237456037422	5.0	0.13432318776581967	0.6459448686532648	5.0	5.537365544375328	1.1814106147423595	5.0	9.029347207643239	1.3633868775245186	7.0	8.263579571113437	1.3100326966755358	7.5	8.637490734680549	1.0492271971372948	4.5	1.5279068780166396	1.0169242378012555	5.0	0.0244331755683844	1.1966989996186064	5.0	4.005816909961648	1.10859024847887	5.0	0.9933450058699614	0.8080945161315202	5.0	3.010321136625633	0.7759236479960545	5.0	4.34960458407967	0.7608496452402439	5.0	0.2464937986191398	1.1669484056385027	5.0	1.7243940089316636	0.9544048649313498	4.5	1.6984702110093497	3.8798799733927862	5.0	2.673118374276736	2.4662217820422145	5.0	1.4616186604373416	2.3697097463596544	5.0	4.6997394478847445	2.324492710208195	5.0	1.9045915918222507	3.856340637609581	5.0	6.917742965054383	3.061349722465231	5.0
7507	4.04428024657048			5.0	10.157876978394269	0.9349575886111919	6.0	15.34767586420552	0.8199760354300473	5.5	37.743005112088824	0.8809809378416813	6.0			5.0	1.537800032710413	1.0601531486003961	5.0			5.0	7.25620127613499	1.0457003871321677	5.0	12.510936491064877	1.1233764127680663	5.0	31.782821499145008	1.2071158645322504	5.5			5.0	0.620420047995178	1.4512528695693607	5.0	21.534793122294296	0.8397124976133662	5.5			5.0			5.0			5.0	1.179126583198439	0.7308249542388715	5.0			5.0	20.107348452235545	0.7815760480546746	5.0			5.0			5.0			5.0	2.9320967725301865	0.776834205224519	5.0			5.0																			25.092150432501043	1.4924995277551154	5.0			5.0			5.0			5.0	1.341874402481997	1.4834444931201538	5.0			5.0
7624	4.845			5.0			5.0	0.4563631646554019	1.5663360241829662	5.0	2.9107849591816914	1.4023696593838793	5.0			5.0	1.0575755677111103	2.02602769865509	5.0			5.0			5.0	2.4266850971201683	2.2176961854373616	5.0	6.39045738253953	1.985840941742555	5.0			5.0	3.0196990318617067	2.8649684258719694	5.0	2.5462564586598955	0.39658728308464936	6.0			5.0	2.828935801306475	0.9948427012800347	5.5	1.582988873759978	0.8451194240333451	5.0	0.565923816821637	0.34136524241859617	5.0			5.0	4.613763058751869	0.7852793839947106	5.0			5.0	7.17226792150843	1.7517715446274809	5.0	5.7380463066058125	1.9841745258532746	5.0	1.2724996834061553	0.7805150729258901	4.5			5.0	1.1500610861183416	0.7953909871941278	5.0			5.0	0.9180656086803763	1.1024569339881432	5.0	3.0226738412394	1.445817547861126	9.0	0.7941680528872469	0.7452025151362782	5.0			5.0	2.3869523416679486	1.6376866933028726	5.0			5.0	0.2225592348620112	2.162859345005611	5.0	8.622647328046787	2.121589274126778	5.0	0.12769806163975855	1.6277508042434157	5.0			5.0
7762	4.14863310108243			5.0	11.544145265920625	0.48972724547364815	5.5	21.556856716880844	0.429499012123884	5.0	60.819953186626364	0.42125669941808846	5.0			5.0	1.7002772552135952	0.43012442202906104	5.0			5.0	11.492830197491516	0.610323276056073	4.5	21.559242839272255	0.5864391541066495	5.0	59.96375334719064	0.6301538811560584	6.0			5.0	2.5543148499791752	0.5868354949783193	5.0	30.590086134098758	0.2562659410893505	5.0			5.0			5.0			5.0	0.9160009702701176	0.25469431683568083	5.0			5.0	36.94590793335421	0.3919331321653119	5.5			5.0			5.0			5.0	1.3180946487622338	0.3373647542375986	4.5			5.0	32.36912112783884	0.3923587877903506	4.5			5.0			5.0			5.0	1.1744591621571432	0.38996851288280676	4.5			5.0	37.165609331840905	0.7421522018250183	5.0			5.0			5.0			5.0	0.809399231850186	0.583163168922207	5.0			5.0
7809	3.57819206358422			5.0	8.826060261810468	1.819882518274049	5.0	38.5917930659459	2.4726399136990995	8.5	81.26396287207578	1.9173546636157612	5.0	0.6259622569847714	0.4985575927441485	5.0	2.139572483508202	2.2599223994877358	5.0			5.0	13.734912476413063	1.5410627517869973	5.0	26.426872896079836	1.4807554816247939	5.0	63.710771355607655	1.6239452726561847	5.0	0.9918595601911927	0.513408720606299	5.0	2.556596677232842	1.9129390802717443	4.5	35.00433873753868	1.1913690130319445	4.5			5.0			5.0			5.0			5.0			5.0	37.898685241250426	1.0853245085878738	8.0			5.0			5.0			5.0	2.7102973953165432	0.83558826822446	4.5			5.0	38.052206672041834	1.8962270793509908	5.5			5.0			5.0			5.0	2.166890285864118	1.7627860504088482	5.0			5.0	47.533973620545126	3.0889236468631993	5.5			5.0			5.0			5.0	3.25503996211406	2.8718932853330874	5.0			5.0
7892	4.22872754610498			5.0	8.686821273081607	0.5461422872051859	6.0	17.837044720321607	0.47894354425382824	4.5	48.935619291486674	0.5146222427417705	5.5			5.0	2.963183769643408	0.6193125433031195	4.5			5.0	8.83624442771487	0.6055210456995989	5.5	18.576143600912168	0.5818248521153373	5.5	47.829805040118764	0.5209963473989925	4.5			5.0	2.4563971362899446	0.531489954599173	5.0	23.93399828894455	0.2823475842756263	5.5			5.0			5.0			5.0	0.9155709867601737	0.2430447390922023	5.0			5.0	26.469802308994307	0.26579509619852765	4.5			5.0			5.0			5.0	0.48813234816562967	0.2157041163407135	5.0			5.0	25.02216699684451	0.19664972993565305	5.0			5.0			5.0			5.0			5.0			5.0	28.80106113973692	0.30018513129555185	5.0			5.0			5.0			5.0	0.12324850816810232	0.14918195002953494	5.0			5.0
7938	4.80631123887867			5.0	10.175755526922883	1.050424936946648	5.0	23.78915499845181	1.2358106112622822	7.5	62.964718834669114	0.989707475392088	5.5			5.0	3.3099424309925833	1.3054154216260438	5.0			5.0	10.358330818624312	1.2619055044292766	5.0	25.27552508849386	1.3282520147509926	5.0	74.32191381444751	1.3029072992383743	5.0			5.0	2.0097104411048123	1.7159248903663256	5.0	24.780984875232747	0.35955604911785954	6.0			5.0	11.307600796719402	0.24879200123164297	7.0	55.22463000711681	0.2440447375927576	4.5	0.4185688106768825	0.30950064184246456	5.0			5.0	32.412106827210025	0.6566426503889454	6.5			5.0	20.157360836309017	1.9548350649732458	6.0	70.69072091727995	1.91753435844632	5.5	0.7306768588987084	0.5837557609141145	5.0			5.0	24.636070538840684	0.4827494409346164	4.5			5.0	8.936805978466747	0.30320536709432616	5.0	67.53986954620427	0.4205501096245533	4.5	0.2286384035556502	0.5088128313533616	5.0			5.0	33.614285814732376	0.972896599996737	5.0			5.0	27.510811298280885	1.3808560407852988	5.0	77.42146509266281	1.3545075744337018	5.0	0.9946841896277334	1.0256520330219134	5.0			5.0
8013	8.47315			5.0			5.0			5.0			5.0			5.0			5.0			5.0			5.0			5.0			5.0			5.0			5.0			5.0	2.994317027651776	0.8165399037732455	5.0	2.193061047978314	0.7160345667939068	5.0	8.73130555336841	0.7023155278459129	4.5			5.0	0.5624213327317962	1.0146616122853025	5.0			5.0	3.200597162770404	1.89639280612455	5.0	4.504835098129616	1.8221802063068426	5.0	13.781766128157424	1.7874107209769063	5.0			5.0	0.052256269816857305	2.57869357611873	5.0			5.0	0.949340473415852	0.8477438847031844	5.0	4.0146709330877535	0.8125378853680547	5.0	8.21579962043472	0.8208656526877152	5.0			5.0	0.6494744401820323	1.0632727903669554	5.0			5.0	2.4487408692573935	1.8865559643375553	5.0	6.926337107909162	1.7512619302196029	5.0	12.059963213668494	1.778139183763604	5.0			5.0	2.4948167189794277	2.262397423261689	5.0
8079	7.258982			5.0			5.0			5.0			5.0			5.0			5.0			5.0			5.0			5.0			5.0			5.0			5.0			5.0	0.5353113569579909	0.28734357665291854	5.0	0.30554578192979126	0.338116869263879	6.0	0.8006318418302282	0.30274736546641207	5.0			5.0	0.11027212461859265	0.3568903923329681	5.0			5.0	0.9996532321272846	0.4460501646479642	5.0	0.6302989274812895	0.42859463420046784	5.0	0.42185453806705864	0.47003994834571355	5.0			5.0	0.14145102476365054	0.5536872464975229	5.0			5.0	0.988778764505558	0.5835836047715804	5.0	0.9446424128564447	0.5828440954547224	5.0	0.029131385693295694	0.5488968126338132	5.0			5.0	0.5664282436347134	0.7588365835167956	5.0			5.0	1.0804177755905437	1.2561630349247872	5.0	1.581323726935375	1.2562905355989968	5.0	0.30387990228534784	1.1839737361734066	5.0			5.0	0.05141873416509245	1.6229602331674453	5.0
8083	4.6487198664651			5.0	25.185827564809458	0.5310996388111765	4.5			5.0			5.0			5.0	4.981434546899863	0.6599669368239133	5.0			5.0	26.780462041337582	0.6248960665223047	5.0			5.0			5.0			5.0	3.0242523280743367	0.5484961825587142	5.0	68.82685781445805	0.5643096384455142	4.5			5.0			5.0			5.0	4.869062736244977	0.560848769292387	4.5			5.0	74.29146490845964	0.8283576376090309	4.5			5.0			5.0			5.0	6.185302997796144	0.8233319696211572	4.5			5.0																			92.11074891236724	1.0823221859783458	5.0			5.0			5.0			5.0	4.001302801122706	0.8018209636242739	5.0			5.0
8113	4.90277103561231			5.0			5.0			5.0			5.0			5.0	2.8123903863003243	0.0	5.0			5.0			5.0			5.0			5.0			5.0	1.4842302425406886	0.0	5.0	15.0070997509397	0.5147066652746878	5.5			5.0	12.395353878961332	0.8013331886557373	5.5	38.941200659791754	0.7859907157052974	6.0	0.1177167269397126	0.4430593562007977	5.0			5.0	17.858489015915453	0.5006279976657259	6.0			5.0	11.626223524936945	0.5571055217768522	5.0	37.64914160213515	0.546475249205786	4.5	0.46650057904935766	0.4309261645319945	5.0			5.0	14.689024517728301	0.6145852158713355	5.0			5.0	11.87298965258403	1.0112425811806567	4.5	38.317412515511336	0.9917071050070722	4.5	0.7726315802873583	0.575815788828278	5.0			5.0	15.657404652908951	1.3628660766753438	5.0	2.1716372900074967	0.5344743074879384	5.0	11.487310179557799	1.0894219358895392	5.0	40.742916978272184	1.0686343980341007	5.0	0.4667152769248267	1.2771268005555736	5.0			5.0
9422	5.935895			5.0			5.0			5.0			5.0			5.0	2.208601316952468	0.0	5.0			5.0			5.0			5.0			5.0			5.0	5.02402401767212	0.0	5.0			5.0	16.780692075379573	0.35402500922798597	6.5	30.032331542570226	0.3042257329488567	4.5	86.00456659473697	0.29973296739970884	5.0			5.0	3.512623268554165	0.3931948602808517	5.0			5.0	20.12208568640341	0.49934657738631644	4.5	38.36711536288453	0.47980536862492534	5.0	104.20072296471976	0.47065007999432207	5.0			5.0	3.2354628561755603	0.5368012585227135	5.0	41.76010782519154	0.5326568066203791	4.5	16.434838673828768	0.20850215301672834	5.0	31.330394740735972	0.2099328267192209	5.0	92.9482762618837	0.1962663713602169	4.5	0.4636482145583448	0.5259241297919892	5.0	3.644464377434554	0.2012765668325759	5.0	54.637721528449596	0.8505297125361069	4.5	19.35412229664494	0.317976611995541	5.0	40.59619132548715	0.29131433817871405	4.5	107.96394555541904	0.28575569498162595	4.5	0.9981126286253506	0.8453695259748624	5.0	4.754510374019708	0.39470805909322765	5.0
9452	5.12243857379367			5.0	2.8203834602613607	1.9372963890314936	5.0	6.924823490544012	2.0101183902131337	6.0	27.32332151369028	1.971448212309507	5.5			5.0	0.23101243794519324	2.1981048584290837	5.0			5.0	0.10863775208269327	3.4749239339933067	5.0	1.8365015122856883	3.6576230947810124	5.0	37.62688442566535	3.875300456732262	6.0			5.0	5.3994774903229	4.725162422653419	5.0	13.924441029328026	0.7728076545484889	6.5	9.760435505912648	1.3555000020570607	4.5	11.071606285053292	1.3023252117827637	5.5	36.40082697369178	1.4282229081131286	6.5	1.129888857999551	0.48589123718709026	5.0			5.0	16.1708531373518	1.9786460139488835	4.5	10.307846185524319	4.2389916401707906	8.5	5.342210500008112	3.3256761516172024	5.0	37.72308689169244	3.647270688390355	6.5	2.0236375211767306	1.9666415155535466	5.0			5.0	15.920378044547295	1.3708592293610902	5.0	8.822093238222603	2.341898849609393	5.0	14.11675187021365	2.370398436932775	5.0	35.09077519124156	2.205158378545294	5.0	1.2784248129010831	1.2924468975189836	5.0			5.0	17.98409399947464	4.127663089581	5.0	16.690957837220456	5.331592737813685	5.0	3.800179786959577	4.860055715434281	5.0	32.21364163478899	5.270470291667198	5.5	3.7458171441565375	3.892087496300957	5.0			5.0
9743	5.44012039584156			5.0	0.44654622293043356	0.0	5.0			5.0			5.0			5.0			5.0			5.0	2.0458831484187763	1.1826554136375225	4.5			5.0			5.0			5.0			5.0	15.89994031140164	0.7483299339433016	5.0	3.9193946514490596	0.79541857267448	5.0	5.929341276741454	0.7642910130091193	5.0	16.60497371452914	0.8656588558539894	5.0	1.44382033373914	0.7488676760369376	4.5			5.0	24.580997689468393	2.0655851645321963	5.0	8.075195274281715	2.1304577568336316	5.5	10.2835170443843	2.0470853624515644	5.0	23.590909540590562	2.0080244044666262	4.5	2.533354752698735	2.0530532039786156	5.0			5.0	13.967902894482268	1.1856166492969133	5.0	3.836149848989299	1.2791158828319442	5.0	6.779184926156777	1.2281059969010102	5.0	18.972257272373714	1.2042682953007466	5.0	0.5481523514802997	1.1781278505494943	5.0			5.0	51.83489198237835	5.858823414321505	9.5	16.31628799968988	3.876171130687217	7.5	16.29133071682339	3.041027438401723	5.0	34.48382002056813	2.983000818124541	5.0	6.0188432473080145	4.224649724024453	5.0			5.0
16625	6.630648			5.0			5.0			5.0			5.0			5.0			5.0			5.0			5.0			5.0			5.0			5.0			5.0	12.39285830250872	0.43619629181455977	5.5	3.846844584574227	0.27853587241560585	4.5	5.352104517423425	0.2675732133944057	4.5	13.85652903862326	0.26243251484624774	4.5	0.7486039429263955	0.38775797878315615	5.0	0.8001844702076012	0.24475144220431447	5.0	17.084691522072877	0.8215428197355239	4.5	7.170493805815537	0.3871962054921244	5.0	6.482464878321797	0.4159576583460559	5.0	22.20229202366101	0.4469642433794754	6.0	1.116046135867527	0.8165584974299374	5.0	0.5602371007234358	0.48063114390372874	5.0			5.0	3.0851614260642464	0.422449762872809	5.0	5.508232134659212	0.3862134599568533	5.0	15.719442835533357	0.39722668691985563	5.0			5.0	1.1754096995579038	0.5056209425909953	5.0			5.0	4.319961388081318	1.0153272175946173	5.0	13.119385366994038	1.018974543428934	5.0	25.34503817737008	0.9995312302392058	5.0			5.0	0.07066070052021092	1.3163795441691561	5.0
16745	5.56655234405774			5.0			5.0			5.0			5.0			5.0	2.560762758699689	0.0	5.0			5.0			5.0			5.0			5.0			5.0	2.663476002998608	0.0	5.0	20.329489789879027	0.3560322236188388	5.0	5.1905880883332	0.0	5.0			5.0			5.0	0.7341973316862342	0.2502087497325026	5.0			5.0	21.694869703130298	0.5731092565412206	6.0	4.3631210960569895	0.0	5.0			5.0			5.0	0.9942900726496244	0.4412351949924633	5.0			5.0	21.36155133945955	0.5794789966505755	4.5	6.853565760768447	0.5708506187806062	4.5	18.392533049156434	0.5776408636105567	5.0	49.89451381344709	0.5372806066457536	4.5	1.5173015614468444	0.6044386264498208	5.0			5.0	21.10250819835236	0.968579760380938	4.5	7.352952411126704	1.2927362828469806	5.0	14.905757653939883	1.1784040283949222	5.0	43.90092494359483	1.2184451891471222	5.0	0.5270252420335013	1.0147784439706513	5.0			5.0
17072	4.70200977971638			5.0	0.4871963048674991	0.7238282585965031	5.0	2.64482887499453	0.6925723578825277	5.0	6.659741764710592	0.6818338509051749	5.0			5.0	0.10178163485958815	0.8217338820637622	5.0			5.0	1.0868542934645928	0.798828875620111	5.0	0.09643656285584422	0.8408284612116663	5.5	6.9121006353291925	0.7529217005560699	4.5			5.0	1.008134096548798	0.9915955549839014	5.0	5.25835758500906	0.33542826249256674	6.5			5.0			5.0			5.0	0.8573992118541556	0.2582383689780058	4.5			5.0	4.911347253619318	0.34758337139006074	6.0			5.0			5.0			5.0	0.5496244642921064	0.2442874138335255	5.0			5.0	3.7128131325975975	0.36058044640941456	5.0			5.0			5.0			5.0	0.13128453161389997	0.35831995065674477	5.0			5.0	3.73217500400799	0.6997011677938496	4.5			5.0			5.0			5.0	0.54637748870741	0.7376425462457777	5.0			5.0
17260	4.88512714601353			5.0	0.5072622525003774	0.6653357910267181	5.0	0.10633835297518152	0.7000942890554408	5.0	3.7209776595309076	0.7416383954018186	6.0			5.0	2.2518751122866343	0.9063054723254627	5.0			5.0	2.1621694498390522	1.0043902525130732	7.5	2.485807376998944	0.8511248686030124	6.0	2.213874758376893	0.7729527009897198	5.0			5.0	2.0817571267263806	1.0179763207095152	5.0	3.3835673869189544	0.32117701367009355	6.0			5.0	0.74419629774923	0.4828074343702407	5.0	2.6598487342481483	0.4735634459513106	4.5	0.08520342932641806	0.22571732724923185	5.0			5.0	4.378307374170225	0.5028363510184611	7.0			5.0	0.08196016464078326	0.5874505527385772	5.0	3.5616434886806014	0.7439242663607827	7.0	0.3627699418937405	0.31609218614529705	5.0			5.0																			4.852222836815638	0.7246682105001703	5.0			5.0	0.7172345579862136	0.8900736793238617	5.0	4.069811141178803	0.8730899564028274	5.0	0.6573165943113896	0.7202716290453051	5.0			5.0
17566	6.101534			5.0			5.0			5.0			5.0			5.0	0.4924518598356799	0.0	5.0			5.0			5.0			5.0			5.0			5.0	0.02087464164149466	0.0	5.0	19.28954227849252	1.1062531078160918	5.0	8.179389728622942	1.2075991675844016	5.0	16.79686195398041	1.2970548492345109	5.5	47.91611438590089	1.137897327854721	5.0	1.7676116622140203	1.09954144056259	5.0	1.2563846592810037	1.0608585651338338	5.0	14.559810485902378	0.8972069068279804	4.5	5.998067594127027	0.8452913031678128	5.0	10.625101048824725	0.908080673567047	5.5	32.59276659190307	0.8907533545955952	5.5	0.22457843305341163	0.8917635284782212	5.0	0.687225105147367	1.0492699055690453	5.0																					5.0	3.854000710823236	2.3270157526917243	5.0	5.498106911883197	2.2359513443755437	5.0	31.287431419991016	2.1932865864125155	5.0			5.0	3.9801188560896916	2.754125947320918	5.0
17777	4.13366013096712			5.0	2.8779742171142937	0.6185253933085139	7.5	6.327668000106089	0.5557748894155632	6.5	16.400775681204	0.46067867184801203	5.0			5.0	0.5022068136265112	0.6078597080641495	5.0			5.0	5.018957533667528	0.9911334660995765	8.5	6.311780956274965	0.7528963206613145	5.0	17.266476003841905	0.7385301139128966	5.0			5.0	1.394787850436277	0.7534051604649087	5.0	7.105645400085547	0.34245810157780243	5.5			5.0			5.0			5.0	0.4449191664284916	0.294763320183048	5.0			5.0	6.765953607481632	0.5496730595538729	7.0			5.0			5.0			5.0	0.31982499740547526	0.47314274152560554	5.0			5.0	6.890219618399572	0.5060445630730045	5.0			5.0			5.0			5.0	0.754788621326274	0.5029067038342994	5.0			5.0	7.540688969630725	1.07186131092775	4.5			5.0			5.0			5.0	1.0906467430981515	0.9003920997406026	5.0			5.0
18028	3.73094591607022	5.4346040619715685	0.9879197343405788	5.0	1.960306008112222	0.8252503514560223	5.0	3.1725016911766275	0.7928223132302117	4.5	8.38766382950462	0.7775637548371209	5.0	1.4571340890012268	0.9818818588988252	5.0	2.8216126836724307	1.0255960512440825	5.0	9.164026362366625	1.2543223137222779	5.0	5.020692817809128	1.1930236433643029	5.0	2.1292078106811387	1.0253144302684145	5.0	7.050678712146759	1.005750144080393	5.0	3.247968846720588	1.246712306627943	5.0	0.7378376378343108	1.3245698344969679	5.0			5.0			5.0			5.0			5.0			5.0			5.0			5.0			5.0			5.0			5.0			5.0			5.0	4.368253587866348	0.8934374906315898	5.0			5.0			5.0			5.0	1.3098335413770674	0.8877918021595336	5.0			5.0	9.338175618721872	2.0934191443784154	5.0			5.0			5.0			5.0	0.7519611944699335	2.224381443025399	5.0			5.0
18090	4.77562372049334			5.0	15.535763896215906	1.2133847487606573	4.5	36.95883648059877	1.1653484774222072	5.0	115.8790370827182	1.251948206518246	5.0			5.0	3.089121600129457	1.5091440158260616	5.0			5.0	17.014086241875795	1.4528508855224351	5.0	37.20312256683592	1.395995659635762	5.0	116.97279523889605	1.3693583103542046	4.5			5.0	4.158821646317413	1.8034406668385117	5.0	36.66693740037747	0.5843999103187185	5.5			5.0			5.0	103.94211560303268	0.38043353499985344	6.0	1.7098356554285972	0.5030262112837597	5.0			5.0	44.029306109815614	0.6567530397261138	4.5			5.0			5.0	120.27489511721616	0.5756478761990451	6.0	0.7852599844693469	0.6527685014326445	5.0			5.0																			49.357566248850006	1.1791802908382572	4.5			5.0			5.0	128.8253435710148	1.1100980862079097	5.0	2.3370565805324532	1.2431214813592535	5.0			5.0
18846	6.335054			5.0			5.0			5.0			5.0			5.0			5.0			5.0			5.0			5.0			5.0			5.0			5.0	29.827686141268288	0.6511929387896506	6.5	12.582689715658267	0.4606027167496542	6.5	19.508208065362684	0.4050569580124634	6.0	54.120539464224414	0.35535965401619013	4.5	1.6377492035549022	0.5284180465724677	5.0	3.410388861984796	0.4685836432884176	4.5	31.826454531586876	0.59980714662483	4.5	10.961002764108418	0.6482377410566741	5.0	21.3867648473709	0.7628567047340599	6.5	58.48629166127357	0.610984751874416	5.0	3.493378654521712	0.5961681005911602	5.0	3.057613560707833	0.804665031801081	5.0																					5.0	8.850737317972378	1.0500335473317906	5.0	19.04366427104797	1.0089419975260139	5.0	58.367070595778785	0.9896901179039195	5.0			5.0	1.5072457180464875	0.9626386026417789	5.0
18970	3.72458828704365	62.332027447849015	1.0052123677719436	5.5	22.26761694078446	1.4792022440647707	4.5	33.72091117442308	1.58867795894078	5.0	93.83523161431924	1.558188986862368	5.0	3.6154474325604706	0.7738577363267366	5.0	4.4023359806729845	1.8384699971044651	5.0	96.57533798779417	2.283835599149639	4.5	34.90723015072008	2.626042138062964	5.0	58.52834262145341	2.7641101084508435	6.5	144.85734983652173	2.7113674183846888	6.0	9.133339660218947	2.2699795073609508	5.0	5.742155906159416	2.5249811016262	5.0	55.6014944935518	0.5996795226261201	6.0			5.0			5.0			5.0	4.783172898462345	0.5161868649746867	5.0			5.0	107.47289361636548	1.8141994191391702	6.0			5.0			5.0			5.0	14.289631329752629	1.5616106191239973	5.0			5.0	50.214459058205776	0.9040121379077926	4.5			5.0			5.0			5.0	7.7511349037921216	0.8984358556774822	5.0			5.0	105.86024161790101	2.8355418836730535	4.5			5.0			5.0			5.0	9.908118801689088	2.8183385750702468	5.0			5.0
18976	6.327052			5.0			5.0			5.0			5.0			5.0			5.0			5.0			5.0			5.0			5.0			5.0			5.0	10.027753718546204	0.6928967688014013	5.0	5.859455796992891	0.577760370027254	5.0	5.02028465014735	0.49641904758688266	4.5	18.029782141979798	0.5443539154504008	5.5	0.0442588125327677	0.6885542964854295	5.0	0.6225673507629681	0.4540332090832936	5.0	10.600325256135642	1.0124801115028752	5.5	3.656023269977563	0.619725892360895	4.5	5.34092787455279	0.595473812571238	4.5	14.304356401575237	0.6530564262064272	5.5	0.6560898096584176	1.006337367531248	5.0	0.49656047350495414	0.6662099111597422	5.0			5.0	5.902508296717741	0.8121906750616553	5.0	3.501740350868639	0.906963299752481	6.5	16.956637886323566	0.797775424762577	5.0			5.0	0.8811886756386654	1.0150207468111536	5.0			5.0	6.089927520268082	1.1423865433434832	5.0	2.9558969953124494	1.0976808921170806	5.0	16.416280402733292	1.076735763011118	5.0			5.0	0.2934750327326651	1.4180576754603984	5.0
19342	5.974287			5.0			5.0			5.0			5.0			5.0	0.8202897409202932	0.0	5.0			5.0			5.0			5.0			5.0			5.0	0.48681992615849107	0.0	5.0	17.851975430455962	0.7472688151246435	5.5	10.219652184098756	0.8638857003110241	4.5	9.951586778949007	1.011503104993773	6.5	30.450383473154357	0.8139818303949127	4.5	0.07186714883503799	0.6642779824580967	5.0	0.39324072669118776	0.9296282506401995	5.0	12.887135432657832	0.5914442675956934	5.0	5.447229733314101	0.6280749937348881	5.0	6.650375742259873	0.7983504098797627	8.5	19.437215848012304	0.5919807192651295	4.5	0.4523494891940115	0.5878559593730558	5.0	0.21006429104127639	0.7796367795296014	5.0																					5.0	1.397057331144277	1.3501725269708784	5.0	1.69244025984549	1.3606569207040413	5.0	18.705190144532168	1.2725806816398275	5.0			5.0	5.479579706894102	1.7577877176592647	5.0
19519	3.60450973158305	36.4805083067548	0.6381726258494539	6.0	13.84451052847953	0.4663107116445836	4.5	26.264319956494774	0.4479238236356961	4.5	75.8026583682592	0.5380439071305574	6.5	1.199160199618379	0.5751311802201682	5.0	4.376729745873899	0.6479412466230275	5.0	34.66046337495895	0.7000043720234078	5.0	14.783303755255863	0.8766821607232714	6.5	23.746580654442297	0.7689791629864552	6.0	69.58303579911788	0.8263009055429641	6.5	1.2943046719482727	0.6223043608141943	5.0	2.5090339083605318	0.6282931982352312	5.0	36.31483311071519	0.5343023417584565	6.0			5.0			5.0			5.0	1.0316349641396156	0.37546654397108875	5.0			5.0	36.25414468890167	0.6229092025749837	5.5			5.0			5.0			5.0	1.5857313442830472	0.619129995748441	5.0			5.0	33.4799646911513	0.48091396661018326	5.0			5.0			5.0			5.0	1.2067845263973687	0.3612781959305976	5.0			5.0	36.5348255925083	0.8267106171085195	5.0			5.0			5.0			5.0	2.9128269970529908	0.8875319749915502	5.0			5.0
19606	5.88913558713673			5.0			5.0			5.0			5.0			5.0	0.10646286624600311	0.0	5.0			5.0			5.0			5.0			5.0			5.0	1.4265671033033644	0.0	5.0	13.36990097329567	0.5957646645451254	5.5	4.899463275218443	0.7154171682108187	4.5	6.231744642436821	0.6836145676321105	4.5	19.6164543325836	0.7535715869617928	5.5	0.3473389579249384	0.529581817260471	5.0	1.0916584053944371	0.769850185056659	5.0	18.957910443872372	1.6341972836202927	6.0	5.880048191378463	1.0129654521767795	5.0	9.050266469582134	0.9733245088610729	4.5	28.08730882583219	1.0674454726249418	6.0	0.9291783137893218	1.4528024919158813	5.0	2.2578355750079795	1.2574057728579855	5.0			5.0	4.67756590829639	0.6321121119441782	5.0	6.737494843236191	0.6065334712225591	5.0	20.016556876251226	0.5945954202046541	5.0			5.0	0.8267714459980675	0.7893514157437167	5.0			5.0	4.493610328209023	1.0647126002728575	5.0	8.142600005613863	0.9754366667174996	5.0	27.884527275514976	0.9568241108591397	5.0			5.0	3.20559916271962	0.9760959088844158	5.0
20961	7.04457065169479			5.0			5.0			5.0			5.0			5.0			5.0			5.0			5.0			5.0			5.0			5.0			5.0			5.0	1.2689033599248032	0.751630359038089	5.0	2.4079706590438352	0.6457827394428435	5.0	6.066511263474282	0.7081901293994584	5.0			5.0	1.2022413332011335	0.8355304105633717	5.0			5.0	5.099552211214218	1.2768531396357718	8.0	4.721390706334485	0.8675389379433733	5.0	9.990796308294891	0.9514303844225802	5.0			5.0	1.675232926250725	1.1207448891075653	5.0			5.0	1.4481611705659139	0.9428292277533317	5.0	1.7551864378123354	0.9042277176429139	5.0	6.808235125727051	0.886104120802912	5.0			5.0	1.565262346601286	1.176175132945151	5.0			5.0	5.7984272910984425	2.0153641084123306	5.0	2.860828940292295	1.9364957381132524	5.0	12.426034815023504	1.8995449689602233	5.0			5.0	3.711925311824668	2.501694859270361	5.0
22251	5.79838391626917			5.0			5.0			5.0			5.0			5.0	4.867965555002834	0.0	5.0			5.0			5.0			5.0			5.0			5.0	0.8558618445881134	0.0	5.0	39.961938312804996	0.7286560463604883	5.0	15.332657262735621	0.7720485055049084	5.5	32.34225076990412	0.6633519078713044	4.5	94.52353789572466	0.6506400637336148	4.5	0.22878394810570205	0.7241625152268238	5.0	2.871681405108265	0.8579484927626444	5.0	33.01039229899548	0.6369745063800957	4.5	11.10784076526204	0.5757315528058828	5.0	23.7243460174921	0.5532011281001348	5.0	66.48846868435064	0.5426453562607179	4.5	0.8811277315707058	0.6331099649783449	5.0	2.64738200478784	0.505342529438449	5.0			5.0	16.934773221661594	1.0863907199363059	5.0	32.70996805880251	0.9940053300356553	5.0	95.27480172235104	0.9701750283085986	5.0			5.0	5.712618635064304	1.2930933323489868	5.0			5.0	7.74573154934929	1.9338098087925741	5.0	22.123901406523924	1.8581329484919757	5.0	68.14371083767043	1.9116402261359589	5.0			5.0	1.8525434075258083	2.4004605605850933	5.0
10000626	4.46468607001795			5.0	2.375575067438536	0.5414259749210767	5.0	1.9550639755665156	0.520179936700919	5.0	10.588556123615154	0.6036735202253869	6.0			5.0	0.6791408469294082	0.6724537273333726	5.0			5.0	2.6523425921700063	0.7908925378912254	5.5	1.769953337915551	0.6937290491891277	5.0	10.248873165675938	0.7454414490505856	5.0			5.0	1.048314307453176	0.8962056367721389	5.0	4.897148916224992	0.22930826923854997	7.0			5.0			5.0			5.0			5.0			5.0	6.588472034092361	0.44481423608403503	7.0			5.0			5.0			5.0	0.8565423821670011	0.27961841666293624	5.0			5.0	4.84415452752186	0.33708550933509335	4.5			5.0			5.0			5.0	0.5973299112747349	0.3349884624585074	5.0			5.0	5.072393737184233	0.5643985040864461	5.0			5.0			5.0			5.0	0.5393417865287936	0.5609742832359202	5.0			5.0
10001587	3.43070237834676	2.0946199154142655	0.5256862650677684	5.0	0.013702534556749742	0.5810395166071814	9.0	2.1593561529084404	0.39472893529634584	5.0	3.9272411309747097	0.5475639293944089	8.5	1.2847959803404643	0.5224969124086348	4.5	0.24040920613621014	0.3608224805636162	5.0	2.0413861956134807	0.6499841897131748	5.0	0.09112287503141728	0.5178715239627951	4.5	1.9381275090069439	0.49760536811144207	5.0	2.096267206579933	0.48811043314995894	5.0	1.697273809714066	0.45681977277206276	5.0	0.27640972530589314	0.6428399334160338	5.0	2.473806908063592	0.4081457798342055	6.0			5.0			5.0			5.0	0.17195030945026632	0.3312277992954084	5.0			5.0	2.405832119103134	0.6329830652663954	5.0			5.0			5.0			5.0	0.7202650583344861	0.6291427400451053	5.0			5.0	3.549167788035872	0.7094559795232117	5.0			5.0			5.0			5.0	0.01777310659513138	0.7050446661366442	5.0			5.0	3.705006754355756	1.1383067661597377	5.0			5.0			5.0			5.0	0.47923333455614486	1.1314006285016076	5.0			5.0
10001892	4.770522			5.0	0.6778909409326991	0.6975576299241605	5.0	0.13620495183298606	0.6700843811645545	5.0	5.105976401876412	0.6571631963036428	5.0			5.0			5.0			5.0	0.18085145284090504	1.0397160867642612	5.0	3.903801950759185	1.4817984273400833	9.5	3.6894532877182917	1.0734985098535705	5.5			5.0			5.0	1.7360331833563962	0.32243521730716723	7.5			5.0			5.0	1.2717029611965727	0.22464930692729287	6.5	0.19478383370083596	0.24822544540597627	5.0			5.0	2.092178910719204	0.28113979299847897	5.0			5.0			5.0	1.099444499264846	0.4359602585414943	9.0	0.46201666262319896	0.2794341103395281	5.0			5.0	2.327252789192472	0.3511608727582756	5.0			5.0			5.0	0.6792318012183252	0.42989616432988126	6.0	0.13774500028483774	0.34898181172214915	5.0			5.0	2.87088215147764	0.7394419041568612	5.0			5.0			5.0	0.822004246484412	0.6689370406783354	6.0	0.29033060591220705	0.6929228699830079	5.0			5.0
10005113	5.820838			5.0			5.0			5.0			5.0			5.0	1.0828772153334774	0.0	5.0			5.0			5.0			5.0			5.0			5.0	1.5578876071474397	0.0	5.0			5.0	1.5659437321955483	0.33315998904942423	4.5	3.0203272432162467	0.3578575443015919	6.0	9.192363307471926	0.3510151557211941	5.5			5.0	0.6963703681230218	0.3582328643269438	5.0			5.0	1.5914407243308049	0.4828178259359912	5.0	3.8793003237328296	0.4639234460451752	4.5	13.284234729097246	0.5087850738546349	6.5			5.0	0.9554695706658193	0.5190327286436619	5.0	5.791398770340027	0.5506494214089829	5.0	2.3537792460042835	0.6343344205873522	5.0			5.0			5.0	0.10807418005220751	0.547110143809439	5.0	0.2910038984379782	0.7904149321527899	5.0	8.613315389937167	1.3972283543901065	5.0	4.593897513630631	1.4606108339387034	5.0			5.0			5.0	3.5936287290287057	1.3241224413196364	5.0	0.383133713597364	1.7286974495278664	5.0
10005217	4.8883230178694			5.0	7.6818620209932105	0.5434673059813321	4.5	10.386759273350224	0.5717650259808652	5.0	32.3332281277743	0.5606964795056874	5.0			5.0	0.7862400701064922	0.6761372357725366	5.0			5.0	9.725401636754983	0.7795180189349922	4.5	11.828084876675078	0.7490127045279668	4.5	38.08738428195167	0.8048460944129484	5.5			5.0	0.14479092600663698	0.9676247644474385	5.0	26.788992028323587	0.3195417560137708	5.5			5.0	9.42784318087068	0.4371273955250061	4.5	31.016766948304188	0.495103426417854	5.0	0.2235111160078751	0.27504773933584786	5.0			5.0	34.910272192429595	0.42077431311058366	6.5			5.0	13.071151617331948	0.8960939968658987	7.0	41.05099693159644	0.7861973853882632	5.0	0.12704543044063707	0.3740686493291889	5.0			5.0	26.361556337437385	0.385327694008556	5.0			5.0	10.006027563352898	0.6851785582613711	5.0	29.544441667904163	0.671784517839917	5.0	0.216796918855094	0.3806531101166578	5.0			5.0	35.46000642912597	0.8355268563048208	5.5			5.0	10.902732738464671	1.4625068751386963	5.0	39.29708404160332	1.4346004083885462	5.0	0.3422842483777002	0.7878413425883768	5.0			5.0
10005447	6.62257640301802			5.0			5.0			5.0			5.0			5.0			5.0			5.0			5.0			5.0			5.0			5.0			5.0	2.3021391906614426	0.826665927057722	5.0	0.020392628067638863	0.5014846335431791	5.0	0.7481499073636554	0.4817502778722896	5.0	2.7767505660423892	0.517582793789749	6.0	0.7770373620199892	0.9185714772500368	5.0	0.050951133859784684	0.5574680610773493	5.0	2.527896638663746	1.6377183500811687	5.0	0.8689784879114765	0.8966917177984225	5.5	1.4357487989039144	0.7706393438842997	5.0	5.103739761991914	0.7559345779840982	4.5	0.35357969707689374	1.6277822689596733	5.0	1.0979388489413295	0.9955635052544413	5.0			5.0	0.45491326833285106	0.8155729635425489	5.0	2.1395804877847318	0.7823097518579553	5.0	7.018302263156601	0.7308441640544672	5.0			5.0	4.219036994228586	1.0143447740648976	5.0			5.0	1.6347839927450714	1.3833110127731638	5.0	4.100686742450738	1.3882802344256477	5.0	7.025319168190578	1.3617901051410293	5.0			5.0	1.8274893225895668	1.793473363938952	5.0
10009506	3.59928686455817	42.724906590612754	0.7319087020412011	6.5	16.634346860487348	0.4760001561672774	4.5	37.2492863941527	0.5113009517392814	5.0	108.75546802589689	0.5015558973090716	5.5	0.8749826814812669	0.6640920018872697	5.0	3.119006227318302	0.5118752062078449	5.0	51.06128474279589	1.1578803448073038	5.5	18.41887582509871	0.8703001281345187	5.0	38.07845952974117	0.7479577500442536	4.5	106.0934859999405	0.7336857774215207	4.5	1.0552583612248945	1.0293564107208601	5.0	1.4761098997467872	0.6832503444425051	5.0	44.24856658000527	0.36516644101020684	4.5			5.0			5.0			5.0	1.037369536516731	0.3629509664258692	4.5			5.0	54.511805600851986	0.5685090294947139	5.5			5.0			5.0			5.0	2.3510024248757846	0.5650598699763538	5.0			5.0	46.26708985364601	0.7018823258455772	5.0			5.0			5.0			5.0	0.9822581665197454	0.527287665034029	5.0			5.0	62.437602417698166	1.060215175487038	5.5			5.0			5.0			5.0	3.4208153653010474	0.9857235696266906	5.0			5.0
10009693	6.28599376348805			5.0			5.0			5.0			5.0			5.0			5.0			5.0			5.0			5.0			5.0			5.0			5.0	4.020497479227549	0.9732939744679691	5.0	1.5917343144537122	0.7790209399206507	5.5	1.1640405163713685	0.885609636234271	7.5	6.0022121446050996	0.804193758983442	6.5	1.2817736537513007	0.9673889738397137	5.0	1.8683822750126882	0.8652862180842821	5.0	3.743101844541373	1.4921578521850443	5.0	0.6908427841245941	0.9286822459666636	5.0	0.4291614476172262	0.8923396044762141	5.0	5.007676091036934	0.8753126448594185	4.5	1.0560034464748003	1.2844065116541317	5.0	0.3536929100573018	1.1527840507493694	5.0	5.422961754055579	1.3254773674604041	5.0	2.558725322658993	1.0324062776553717	5.0	0.9470728635917243	0.9910250671698438	5.0	7.4107151613368085	0.9715795433532463	5.0	0.5201662193707157	1.310133114693325	5.0	1.7106126791362146	1.293464064069658	5.0	3.057553289400356	2.233930826689426	5.0	1.2279922286865257	1.6315079992104833	5.0	4.06924501140187	1.7685604481438577	6.0	6.369570466290293	1.5377483397580027	5.0	2.1149643552499056	2.220377508492542	5.0	1.110339438492298	1.9309617946031807	5.0
10009848	4.37			5.0	0.5661113720945874	0.951838662222914	5.0	0.9689855993534104	0.91432246766067	5.0	2.2537914796573393	1.0610309546378682	7.0			5.0	1.7855690825465087	1.183388216805536	5.0			5.0	2.0063406499082346	1.351225718958274	5.0	1.5278456503599498	1.298347447525649	5.0	1.2933804582425743	1.2735733486888579	5.0			5.0	1.255390995406631	1.6772921680609754	5.0	0.08646000809085189	0.5066807880015611	4.5			5.0			5.0			5.0	0.11926681608721686	0.5035395810834639	5.0			5.0	1.0296632714992893	0.7208460525382787	5.0			5.0			5.0			5.0	1.6608360729981524	0.7164726602182697	5.0			5.0	1.3089143260654783	0.6878421466732584	4.5			5.0			5.0			5.0	1.1531632178271896	0.6835309299091238	5.0			5.0	3.0551466847407647	2.3793000582868156	5.0			5.0			5.0			5.0	3.036210930436769	2.229615897708505	5.0			5.0
10013545	4.03498294164463			5.0	10.891786462708568	0.6908762756049569	5.5	24.325047225711426	0.6637534696717098	5.5	56.31705473427239	0.5943042701427947	5.0			5.0	2.1099325873278554	0.783482555763397	4.5			5.0	12.426991880896418	0.8671462832221796	5.0	26.987816880520562	0.9127377555058042	5.5	81.86567173489651	0.8173130367718277	4.5			5.0	1.93976764297321	0.9627603067556413	5.0	26.146272694193446	0.5303277443722823	5.5			5.0			5.0			5.0	0.852895679010127	0.45650596878622995	5.0			5.0	49.07578328468384	0.874157445930473	7.5			5.0			5.0			5.0	0.35828980774763297	0.5495114614519951	5.0			5.0	27.07413253009671	0.6381705169221767	5.0			5.0			5.0			5.0	2.8007964866640878	0.5984163643985358	5.0			5.0	48.21465050049677	1.3362783127810256	5.0			5.0			5.0			5.0	7.296340175061415	1.3281710764440395	5.0			5.0
10013609	6.928894			5.0			5.0			5.0			5.0			5.0			5.0			5.0			5.0			5.0			5.0			5.0			5.0	1.509717200509975	0.2892044686708253	7.5	6.921196981313568	0.7182054307644294	6.0	9.224413411304061	0.6298109986750545	5.0	29.305224482274543	0.5525160334653597	4.5			5.0	1.339937584855208	0.8147914865910388	5.0	21.572490882355428	1.3513771134849193	5.0	6.252227802850677	0.9956597693854676	4.5	13.201149816170316	1.171708591776038	6.0	35.90190793621995	1.049209043429283	5.5	1.5020117757428957	1.201375169122426	5.0	1.2560559013668289	1.2359240279494454	5.0			5.0	6.05151077087933	0.826862671429018	4.5	12.658667573913373	0.8283896550313061	5.0	28.33178742243801	0.7772744367603031	4.5			5.0	3.7592245135091766	1.080625852203502	5.0			5.0	8.457768742931334	2.2648734827961947	6.0	11.729306128833477	1.8636213865917692	4.5	31.870139007309476	1.8280611515291978	4.5			5.0	0.45775993656046543	2.5146048956780254	5.0
10013618	5.94372301071691			5.0			5.0			5.0			5.0			5.0	1.1302284210248323	0.0	5.0			5.0			5.0			5.0			5.0			5.0	1.9702567746844906	0.0	5.0	6.852239273613968	0.3367701482681202	4.5	2.831778626723502	0.2537047241140142	5.0	5.0577130005566024	0.24371149530525726	5.0	12.012219724683737	0.23903731582750642	4.5	1.0377061638283516	0.3346934118038676	5.0	1.068464689491233	0.27298842858754097	5.0	7.469173609928017	0.4599052629685936	4.5	3.4888040146636468	0.3893514820060074	6.5	5.8701333791617705	0.3346184253493032	4.5	14.077737726137714	0.3669761933910447	5.5	0.4699869725517465	0.32322912010935373	5.0	2.509723505178446	0.43228248740108055	5.0			5.0	3.126407850591578	0.3996010824120966	5.0	4.954206057829146	0.3847885725781454	5.0	13.335062129574686	0.3956388678150801	5.0			5.0	1.3002912647352534	0.5005778144986576	5.0			5.0	3.665433413971067	1.1191584448510197	5.0	6.18465042596756	1.0253172383743732	5.0	16.13865386747177	1.0057528986043682	5.0			5.0	1.4179801965080658	1.389224367202898	5.0
10013620	5.91753186734937			5.0			5.0			5.0			5.0			5.0	0.6845513291645744	0.0	5.0			5.0			5.0			5.0			5.0			5.0	0.19942808282114563	0.0	5.0	10.78396122588457	0.3696290551565666	5.0	3.4178609125575155	0.463051491163908	4.5	7.852897867371994	0.444827010889757	5.0	18.753216325639563	0.48777706223470524	6.0	1.26609776169711	0.31813414657504874	5.0	0.5274235755858392	0.49826408291834073	5.0	13.519939472246108	0.9861518552037505	5.0	5.0990197544310725	0.7297201811769898	4.5	9.151320658536646	0.7011636333931267	5.0	22.768264070227264	0.6877845512468562	4.5	1.4430724234480508	0.9801688454682158	5.0	1.3976340240727874	0.6405044857124431	5.0			5.0	3.2278386478424044	0.7249875709921112	5.0	5.5675982676927385	0.6981382357358293	5.0	19.15905529738404	0.6844118274227207	5.0			5.0	0.7892988201906332	0.9083031132638066	5.0			5.0	2.2141475338565386	1.5813547216363582	5.0	4.470961059521705	1.5194706832937186	5.0	26.253627333255146	1.6327360505781439	5.5			5.0	3.093514428195967	1.9629539700976175	5.0
10013704	5.919825			5.0			5.0			5.0			5.0			5.0	2.8511546785278736	0.0	5.0			5.0			5.0			5.0			5.0			5.0	2.524125116081869	0.0	5.0	25.816605021282122	0.6492061687414248	4.5	9.238708926842827	0.441849528147672	7.0	14.035465659663089	0.34664090457706925	5.0	42.97813184880078	0.3400321898401808	4.5	4.047733146538018	0.6452674175163053	4.5	1.9911889804462333	0.44769531468706114	5.0	32.538637754102126	1.0824434563544936	5.5	9.663821719718621	0.6720584330273286	5.5	17.97719907799847	0.6457583946684956	6.0	48.33560455262187	0.566562841907733	5.0	5.871485464614817	0.9622929657956564	4.5	0.5970421828012271	0.6461948260412702	5.0	26.059219233948486	0.6643579439504435	4.5	8.074874194734258	0.4100098801063164	5.0	14.58426622192045	0.3937012776269972	5.0	44.29746482683379	0.36623194745086074	4.5	2.772522786879556	0.5389407729849842	5.0	2.526325375805755	0.5103472512013547	5.0	29.543771319150355	1.1441325178240533	4.5	10.059706790550116	0.7852247590949	5.0	17.689033147485887	0.7544961196351144	5.0	50.28938616646547	0.7400993867144439	4.5	4.477019101233832	1.1371910351754877	5.0	4.538735561377515	0.9747086072436085	5.0
10013905	7.197212			5.0			5.0			5.0			5.0			5.0			5.0			5.0			5.0			5.0			5.0			5.0			5.0			5.0	4.825443900293407	0.38589123603026587	5.0	6.176474355325207	0.4539997063408812	6.0	18.442135135448208	0.36358776307792734	5.0			5.0	0.16805637737182913	0.5361441263051739	5.0			5.0	7.577364538160732	0.7746273539609114	5.0	6.101304468276364	0.6657341692381217	5.0	22.08249908913903	0.9235254746664804	8.0			5.0	0.8043745786735207	0.8600399763573463	5.0																					5.0	2.5369955007088096	1.413881602937744	5.0	5.721637656553124	1.41402511206215	5.0	20.805195568730515	1.3326285182692452	5.0			5.0	2.7801540021348257	1.75506764406562	5.0
10015338	5.07627227996806			5.0	8.424923038524874	2.11896331640501	5.0	15.419885094415816	2.035355580730432	4.5	48.436380433653525	2.156071574198367	5.5			5.0	1.5801142744520327	2.4055357957805077	5.0			5.0	9.360305256596105	2.8690012365074398	5.0	24.41636435252527	2.756727007269054	5.0	59.88373574132281	2.962220736376924	5.5			5.0	5.290552429667553	3.9012355639407033	5.0	24.493381112324066	0.6607870772374338	5.0	7.052036740913069	0.7291919641183614	7.0			5.0			5.0	0.1159525105502519	0.5687581252202869	5.0			5.0	29.402863649404633	1.2648181022565623	5.0	8.56500688364027	0.6985277809083121	5.0			5.0			5.0	4.450025305671445	1.2571444169322132	5.0			5.0	21.133692096827666	1.1068099492914045	5.5			5.0			5.0	42.24121590477558	0.5888523293348861	4.5	1.7823468387367556	1.04335982825038	5.0			5.0	26.757227291220214	2.5687344633284126	4.5			5.0			5.0	53.876649614012926	1.786456535631493	5.0	3.443122076264303	2.55314988249523	5.0			5.0
10016186	3.92792643507394			5.0	10.14572159076827	0.6113070976035977	5.0	18.64877869833926	0.7192759493585832	6.0	49.917767638411696	0.7054726777240112	6.0			5.0	3.3623215096434036	0.8489090977794065	5.0			5.0	12.963587772828737	1.0339961851148616	5.5	17.683103994262357	0.906966693955183	5.0	51.971225459994706	0.8896606311128665	5.0			5.0	3.129992898604098	1.1716803043456891	5.0	25.156039655441216	0.45688537951377417	4.5			5.0			5.0			5.0	1.2326208926193496	0.3707820741109544	5.0			5.0	31.528721847998632	0.7206626417317054	4.5			5.0			5.0			5.0	2.434469915128529	0.7162903621700352	5.0			5.0	27.005255051098924	0.6033650264246551	6.0			5.0			5.0			5.0	1.4236658641556812	0.39973447890341585	5.0			5.0	30.688880143966955	1.0940465653287645	4.5			5.0			5.0			5.0	0.061993331306225356	1.1624890716495389	5.0			5.0
10016374	5.50325569707072			5.0			5.0			5.0			5.0			5.0	0.4764980493858199	0.0	5.0			5.0	6.414707788049613	0.0	5.0			5.0			5.0			5.0	3.2064264796751516	0.0	5.0	14.83721785317011	0.47072361835624876	6.0			5.0			5.0			5.0	0.019448552787302422	0.4184596990120918	5.0			5.0	18.271155427671268	0.6248424588028342	6.5			5.0			5.0			5.0	0.26419994842638034	0.4810644410340955	5.0			5.0	15.34335941048603	0.5490485147515707	4.5	4.709481804606825	0.6251695040836915	4.5	11.369514176207057	0.6001835676524765	5.0	36.13347036271645	0.6202933438029445	5.0	0.14539109245464582	0.5750214857667189	5.0			5.0	20.802007905308248	0.9893298246085739	5.0	6.62357652798734	1.3156643319840393	5.0	13.40229002245573	1.3325603041451952	5.0	44.26518928378821	1.3071333810640082	5.0	2.7172929114838333	0.9328664080643202	5.0			5.0
10035295	3.58892350772953	52.86372962827385	0.7327485317370275	6.5	16.99393402166201	0.8464526879429868	4.5	31.81751929030337	0.8132827377589866	4.5	96.81698203711507	0.8919275827144275	6.0	0.4225116313450668	0.6648663266911192	5.0	6.803840912110619	1.1748749826495295	5.0	58.93237707219573	1.0191050275895095	6.0	16.865198056618322	0.9502352407101646	4.5	32.07984606310246	1.1182522684791882	6.5	93.25693650776195	1.0013414608022801	5.0	1.0790435898858697	0.9246671295479966	5.0	4.37021890736664	0.8340593420007323	5.0	49.42687134365403	0.5148545243640087	6.5			5.0			5.0			5.0	1.2499838078633572	0.3618483811649366	5.0			5.0	55.481056396661906	0.5629997962124155	4.5			5.0			5.0			5.0	3.196574350519991	0.5595840613599867	4.5			5.0	51.516066630895295	0.7413512447575749	5.5			5.0			5.0			5.0	0.3371375110021917	0.6892654435515426	5.0			5.0	57.43775405436026	1.372415134079676	4.5			5.0			5.0			5.0	0.09532423547361814	1.364088654679375	5.0			5.0
10056849	5.8142066790736			5.0			5.0			5.0			5.0			5.0	2.6798960091956747	0.0	5.0			5.0			5.0			5.0			5.0			5.0	5.71629181446623	0.0	5.0	11.65407515131083	0.5052554114185815	4.5	4.4575319832849924	0.5664725863670227	5.0	3.7010136519579873	0.6084398841268455	5.5	14.183842738870178	0.5337679177554657	5.0	1.4000160205079972	0.43485140091853797	5.0	0.1329577283015502	0.4975867258611835	5.0	14.685701077459896	0.7933509333943429	4.5	5.181690260168298	1.1567014094696697	5.0	4.3590386560899255	1.1114355665849462	5.0	17.360552654695088	1.2189119382740627	6.0	1.7994875426197707	0.6828936384890382	5.0	0.31508082796916836	1.4358268849296956	5.0			5.0	3.7913182712782305	0.6759224576752235	5.0	6.523130018316411	0.646599257684295	5.0	16.73673467221091	0.7252247321503129	6.5			5.0			5.0			5.0	5.388947296106673	1.1990846116394527	5.0	9.578347583115168	1.1521601632109495	5.0	20.997339575419584	1.3841766489113934	7.0			5.0			5.0
