ID	redshift	Flux (Ha 6563) MAST G235M	F_err(Ha 6563) MAST G235M	Optimal dline (Ha 6563) MAST G235M	Flux (Hb 4861) MAST G235M	F_err(Hb 4861) MAST G235M	Optimal dline (Hb 4861) MAST G235M	Flux ([OIII]4959) MAST G235M	F_err([OIII]4959) MAST G235M	Optimal dline ([OIII]4959) MAST G235M	Flux ([OIII]5007) MAST G235M	F_err([OIII]5007) MAST G235M	Optimal dline ([OIII]5007) MAST G235M	Flux ([NII]6583) MAST G235M	F_err([NII]6583) MAST G235M	Optimal dline ([NII]6583) MAST G235M	Flux (Ha 6563) JADES G235M	F_err(Ha 6563) JADES G235M	Optimal dline (Ha 6563) JADES G235M	Flux (Hb 4861) JADES G235M	F_err(Hb 4861) JADES G235M	Optimal dline (Hb 4861) JADES G235M	Flux ([OIII]4959) JADES G235M	F_err([OIII]4959) JADES G235M	Optimal dline ([OIII]4959) JADES G235M	Flux ([OIII]5007) JADES G235M	F_err([OIII]5007) JADES G235M	Optimal dline ([OIII]5007) JADES G235M	Flux ([NII]6583) JADES G235M	F_err([NII]6583) JADES G235M	Optimal dline ([NII]6583) JADES G235M	Flux (Ha 6563) MAST G395M	F_err(Ha 6563) MAST G395M	Optimal dline (Ha 6563) MAST G395M	Flux (Hb 4861) MAST G395M	F_err(Hb 4861) MAST G395M	Optimal dline (Hb 4861) MAST G395M	Flux ([OIII]4959) MAST G395M	F_err([OIII]4959) MAST G395M	Optimal dline ([OIII]4959) MAST G395M	Flux ([OIII]5007) MAST G395M	F_err([OIII]5007) MAST G395M	Optimal dline ([OIII]5007) MAST G395M	Flux ([NII]6583) MAST G395M	F_err([NII]6583) MAST G395M	Optimal dline ([NII]6583) MAST G395M	Flux (Ha 6563) JADES G395M	F_err(Ha 6563) JADES G395M	Optimal dline (Ha 6563) JADES G395M	Flux (Hb 4861) JADES G395M	F_err(Hb 4861) JADES G395M	Optimal dline (Hb 4861) JADES G395M	Flux ([OIII]4959) JADES G395M	F_err([OIII]4959) JADES G395M	Optimal dline ([OIII]4959) JADES G395M	Flux ([OIII]5007) JADES G395M	F_err([OIII]5007) JADES G395M	Optimal dline ([OIII]5007) JADES G395M	Flux ([NII]6583) JADES G395M	F_err([NII]6583) JADES G395M	Optimal dline ([NII]6583) JADES G395M	Flux (Ha 6563) MAST G395H	F_err(Ha 6563) MAST G395H	Optimal dline (Ha 6563) MAST G395H	Flux (Hb 4861) MAST G395H	F_err(Hb 4861) MAST G395H	Optimal dline (Hb 4861) MAST G395H	Flux ([OIII]4959) MAST G395H	F_err([OIII]4959) MAST G395H	Optimal dline ([OIII]4959) MAST G395H	Flux ([OIII]5007) MAST G395H	F_err([OIII]5007) MAST G395H	Optimal dline ([OIII]5007) MAST G395H	Flux ([NII]6583) MAST G395H	F_err([NII]6583) MAST G395H	Optimal dline ([NII]6583) MAST G395H	Flux (Ha 6563) JADES G395H	F_err(Ha 6563) JADES G395H	Optimal dline (Ha 6563) JADES G395H	Flux (Hb 4861) JADES G395H	F_err(Hb 4861) JADES G395H	Optimal dline (Hb 4861) JADES G395H	Flux ([OIII]4959) JADES G395H	F_err([OIII]4959) JADES G395H	Optimal dline ([OIII]4959) JADES G395H	Flux ([OIII]5007) JADES G395H	F_err([OIII]5007) JADES G395H	Optimal dline ([OIII]5007) JADES G395H	Flux ([NII]6583) JADES G395H	F_err([NII]6583) JADES G395H	Optimal dline ([NII]6583) JADES G395H
3184	3.46762	6.70070737675228	0.10903605673204164	4.5	3.0318845949266193	0.16456005585717984	6.5	6.45397929004304	0.1443406801536495	6.0	15.965034989054265	0.1551059884288836	6.5	0.2501073983264673	0.10836847507263989	5.0	4.75545803818744	0.12014683592646526	5.5	1.6430173511947184	0.0919643648325323	5.0	3.8390301867212013	0.08836547193290105	5.0	9.918833966472278	0.08667934782212375	5.5	0.10740086249417943	0.1068106185093693	5.0	6.460294953944474	0.163083721944056	6.0			5.0			5.0			5.0	0.25081304812719524	0.13234064236763343	5.0	5.740484078438267	0.10190344638026191	6.5			5.0			5.0			5.0	0.12433784962625705	0.07161944852942118	5.0	7.149558783687318	0.1447676470041716	5.0			5.0			5.0			5.0	0.3057621906272714	0.15540913035649492	5.0	6.125878699129704	0.1428141295290281	5.5			5.0			5.0			5.0	0.06708600567448054	0.13277988922176	5.0
3334	6.70593			5.0			5.0			5.0			5.0			5.0			5.0			5.0			5.0			5.0			5.0	0.3397157973645652	0.09523639966870076	5.0	0.014340392623493545	0.05651022818268406	5.0	0.14881131266787476	0.04856501697591341	5.0	0.5248859975472312	0.04763833549871591	5.0	0.04258780770496504	0.05986098370302546	5.0	0.3844003749445763	0.09694213535501943	5.0	0.2600682546494495	0.05982827966969728	5.5	0.4072787112814163	0.057486986155722355	5.0	1.2784911838613637	0.05043680503110461	5.0	0.04651034102563659	0.10772702998212068	5.0																0.4089138172424748	0.15519762439050802	5.0	0.4006554369672259	0.045439938151083166	5.5			5.0			5.0	0.23472774938380975	0.1542560362438814	5.0
3968	5.76847043540196			5.0			5.0			5.0			5.0			5.0			5.0			5.0			5.0			5.0			5.0	0.2988360467059196	0.051700685146583276	5.5	0.14192357847330214	0.06292159310349099	5.0	0.21038226923507816	0.06113563228751078	5.0	0.6976414372828157	0.07656524385068021	5.5	0.055255787334401056	0.05138872186532679	5.0	0.21636910341011725	0.0629663582072256	5.0	0.12112999528689986	0.10045879256749204	8.0	0.28582665505124555	0.06319207072888443	5.0	0.811540772630919	0.08002395203761678	5.5	0.03923917638994539	0.0625843396244543	5.0	0.3981163636715354	0.08241255641057268	5.0	0.2482433274411986	0.08905185387373005	5.0	0.2568883659044384	0.0855141058182266	5.0	0.7701052561987628	0.08447124317454882	5.0	0.01102668465213808	0.06376339302879791	5.0	0.40135155746638157	0.12996215603608496	5.0	0.08675718880796156	0.11132411464615023	5.0	0.1854128296258132	0.10696760583444627	5.0	0.8936325655417245	0.10492652966154671	5.0	0.07562695584776204	0.12917367215231076	5.0
4197	3.748809	0.37755336766768355	0.5175082311350768	5.0	0.21141223118276206	0.08834996145323884	5.0	0.17170342608729053	0.07592296865182428	5.0	0.028772181165342192	0.08326150423981712	5.0	0.06954116523547206	0.5143684948270356	5.0	0.36048466135443435	0.6667834645802179	5.0	0.23919398626726224	0.17027771487650764	5.0	0.2152587725032672	0.14634093732093742	5.0	0.06378103577561448	0.16049217869353988	5.0	0.09979620580133243	0.6627380714304056	5.0	0.1412053884424704	0.048488893586897855	5.0			5.0			5.0			5.0	0.07845289476848794	0.03935081607260391	5.0	0.09746860039750903	0.06102598959627742	5.0			5.0			5.0			5.0	0.1399335159791297	0.06065574328183618	5.0	0.058390599911349095	0.057655888094596694	5.0			5.0			5.0			5.0	0.11021066661187834	0.05670771348646279	5.0	0.3423789383656516	0.11000124654206522	4.5			5.0			5.0			5.0	0.18655786521102863	0.10933386603117184	5.0
4270	4.02261238702772			5.0	3.408560266738514	0.09215985434015407	4.5	6.005274139723894	0.08807811013223531	5.0	19.832036680281426	0.08639166461085804	4.5			5.0			5.0	2.8709171194029324	0.07065915343864786	5.5	6.461835660057787	0.06789400928672033	5.0	17.832987395760483	0.06659850637668108	5.0			5.0	11.897098238939511	0.04942600393123999	7.5			5.0			5.0			5.0	0.2820243589512595	0.031071749907807027	5.0	11.754477664745101	0.06342648443763986	6.0			5.0			5.0			5.0			5.0	9.817199851686558	0.07957156408226848	5.0			5.0			5.0			5.0	0.23896725987381717	0.079080041714885	5.0	12.551858152996072	0.1328250563768652	5.5			5.0			5.0			5.0	0.3245794132830169	0.12446889843943854	5.0
4282	3.599695	0.3976134304356485	0.09379360881062432	5.0	0.00043581455392206265	0.09294546143946568	5.0	0.16985567228127127	0.10937567081827329	6.5	0.43543666256086905	0.08759674970745832	4.5	0.09044098702636391	0.058947242862994347	5.0	0.23144730891670928	0.2627686298153711	5.0	0.4492417671619902	0.2214582650387462	5.0	0.7572667145587406	0.19032678531502908	5.0	0.674223280730542	0.20873148005025363	5.0	0.23943452378100233	0.23360148986877943	5.0	0.25976302338185575	0.06615331422988706	5.0			5.0			5.0			5.0	0.03342492757320352	0.06575196029948165	5.0	1.225997129876432	0.1698950159000261	4.5			5.0			5.0			5.0	0.20629482500676888	0.16886425828524942	5.0	0.37763490232104574	0.07363017839972724	5.0			5.0			5.0			5.0	0.025029997988306435	0.07904255094204303	5.0	0.6475636705296245	0.20709359896158774	5.0			5.0			5.0			5.0	0.028682916349617203	0.1555982647996552	5.0
4297	6.712776			5.0			5.0			5.0			5.0			5.0			5.0			5.0			5.0			5.0			5.0	1.2570734992697308	0.08764897567309958	5.0	0.4024890872035437	0.05979460937860239	5.0	0.6537767874933159	0.0574500528895855	5.0	2.2590801683084223	0.056352336009305226	6.0	0.05953251026036148	0.07752634568655074	5.0	1.6256195347689062	0.10436575337070603	5.5	0.5119405335263134	0.20880427494492704	5.0	0.9179949092093196	0.20063302052610768	5.0	2.828103027002481	0.19680469068267448	5.0	0.15839667939230398	0.06560623366794187	5.0	1.0909013460248254	0.1443211979384222	5.0			5.0	0.6994409592545687	0.09585926636524802	5.0	2.3611667940500456	0.08998115551672252	5.0	0.2560249215345651	0.13793663255699393	5.0	1.4377535091415927	0.29958322613894295	5.0			5.0	1.1052913615336226	0.1452688221960745	5.0	2.9490169489999047	0.14249691074362358	5.0	0.4230476812014448	0.3110060747858748	5.0
4404	5.763688			5.0			5.0			5.0			5.0			5.0			5.0			5.0			5.0			5.0			5.0	2.265148697274586	0.04583954146571612	5.0	0.8372153057713538	0.05099238619118484	5.0	1.6054624955203376	0.05657858645477744	4.5	4.497814381756294	0.05549532483867093	5.0	0.10682226631359117	0.045567464368253596	5.0	2.756940788211872	0.07734970914839641	5.0	0.906443752312814	0.09396431431182037	5.0	1.9198142526449864	0.10094410945877037	6.5	5.0726813936248245	0.08856436401136299	5.0	0.06628823038513053	0.0768804263899647	5.0	2.224163281506453	0.08534149609192701	5.0	0.9639187712026939	0.07814927836846242	5.0	1.515692623559147	0.07474444280965896	5.0	4.565258145997973	0.07329244415711746	5.0	0.03303488113343316	0.08481464933665353	5.0	2.5507540412310195	0.1900266111030047	5.0	1.1043002349036175	0.13934629204293883	5.0	1.8496949245877734	0.14042834738169313	5.0	5.226782609718776	0.1313383258582209	5.0	0.15202531439930667	0.18887371456057536	5.0
5329	3.5873007444784	0.9147991671121833	0.06987742434377926	4.5	0.7340463795929072	0.09725059319906924	6.5	0.543356176641956	0.076295969533249	5.0	1.3787082018957026	0.08367103299555527	5.0	0.03731518549394391	0.06945347613751385	5.0	0.8699578970398166	0.10770323963233304	5.0	0.5789786117285972	0.1383733522463671	6.0	0.6178130012747236	0.13295831049839493	6.5	1.1816276108709072	0.10648854476255472	4.5	0.1565038872104177	0.11968531622034441	5.0	0.8026205925193148	0.0607467007944374	4.5			5.0			5.0			5.0	0.3431655072006457	0.06037814893264268	4.5	1.0328076453224635	0.08671901262180047	5.5			5.0			5.0			5.0	0.09597382019949097	0.07037619675855922	5.0	0.9338134759213101	0.08189246951829561	5.0			5.0			5.0			5.0	0.24512714650529152	0.08139358377569529	5.0	1.0290432195301777	0.1252952407644316	5.0			5.0			5.0			5.0	0.054882461650700695	0.13451325069663866	5.0
5457	4.8631511339788																		5.0	0.087627709002499	0.12016568649547418	5.0	0.3472380271454811	0.11546317550991836	5.0	1.5745910065032314	0.12407010628241684	5.5			5.0																0.9020243639625377	0.058394205857194015	7.5			5.0	0.5930426291716504	0.14136697886909427	6.5	1.558587838102478	0.12402978878981095	5.0	0.11734491625812961	0.044957533862425146	5.0																		5.0			5.0	0.9793968865058554	0.17402700991824116	5.5	1.69122584683911	0.16194626895064312	5.0			5.0
5759	5.05189382127941			5.0	0.10348437692287558	0.0	5.0			5.0			5.0			5.0			5.0	0.25080763058089917	0.0	5.0			5.0			5.0			5.0	1.2886922429851553	0.07170524360478582	5.5	0.4393839766655531	0.11064849310295019	5.0	0.8887490399530298	0.10633254026732152	5.0	2.6151386428870045	0.13465176994692418	6.5	0.03325067745762357	0.06172180890301068	5.0	1.3814146270854117	0.1345824309959317	7.0	0.5715679965512686	0.12955781544682116	6.0	1.017257208199082	0.09642780195566455	5.0	2.04415818961093	0.10922062800443444	5.5	0.06608366191193549	0.11964387230278441	5.0	1.1501956209483466	0.14314818087946735	4.5	0.2982609401808707	0.20712505673960663	5.0	1.093624924571097	0.18754922311892777	4.5	2.7463477160043888	0.1839381151171567	4.5	0.2382431628277305	0.14305450113724225	5.0	1.2306287453223745	0.20117564802070192	7.0	0.12757653305253697	0.17849813679986395	5.0	0.7983989407722073	0.17151286942711583	5.0	2.378159967596174	0.18599652676476655	6.0	0.09154254654727316	0.12400689497598927	5.0
6002	5.93685818347379			5.0			5.0			5.0			5.0			5.0			5.0			5.0			5.0			5.0			5.0	0.8685578619738088	0.038916337011209994	6.0	0.30460844786852276	0.03546003371452925	7.0	0.4999722657319814	0.027817202961568258	5.0	1.4613302451334436	0.0305061314962036	6.0	0.03610157297936284	0.03459390058113338	5.0	0.9901732422737576	0.0530920458237896	5.0	0.32051978168866885	0.045961430326074554	5.0	0.6426280803348513	0.04416279597941883	5.0	1.6796822386644785	0.04843336030020964	5.5	0.02127566884422668	0.052769934958885274	5.0	0.8579057625423234	0.042502188388979074	5.0	0.3057280347356788	0.03914534403058513	5.0	0.48191831020917214	0.03583662137541971	5.0	1.5453078589396363	0.03513795525899304	5.0	0.007228193805695131	0.04406015956213937	5.0	1.1278378760343741	0.0929335257827061	5.0	0.4078379788310535	0.06133968719571135	5.0	0.5965553331854281	0.058939246926096804	5.0	1.7743243762268568	0.055124069769028984	5.0	0.07352011709751166	0.09236969559109726	5.0
6246	5.56159788939357			5.0			5.0			5.0			5.0			5.0			5.0			5.0			5.0			5.0			5.0	0.5847680542358362	0.04276853753988908	4.5	0.373870399514328	0.07156758060405677	5.0	0.39805419765722155	0.06876688646402379	4.5	1.0180578781845766	0.07541667856328783	6.0	0.02400923471988319	0.0425062408667167	5.0	0.7235773436964954	0.032633920972153944	5.5	0.35955643375988444	0.049393817265240524	5.5	0.3281592665949522	0.04245028494595139	5.0	1.140354369442708	0.04164028023040317	4.5	0.000895176821121008	0.029011577845914134	5.0	0.5852249603028375	0.07361435872782876	5.0	0.14478747289286747	0.08616298894010267	5.0	0.5701479990524433	0.08273571679379159	5.0	0.8717834073507142	0.08147749698488276	5.0	0.08562511729291462	0.0771053411910581	5.0	0.8462406583395675	0.057800525730969575	4.5	0.3659125089625819	0.05990721484867921	5.0	0.487166732654306	0.05756283232020724	5.0	1.2847425084880086	0.056464461233209126	5.0	0.12945373409041158	0.06055745738365271	5.0
6384	5.61541238216689			5.0			5.0			5.0			5.0			5.0			5.0			5.0			5.0			5.0			5.0	0.20415784426076652	0.056364338512745776	4.5	0.28380446558751565	0.05203470055307631	4.5	0.18794854161517424	0.049996741540166194	5.0	0.43704176166751785	0.04904192880046828	5.0	0.041609166768955694	0.056022374560374226	5.0	0.5537365544375329	0.11814106147423595	5.0	0.9029347207643239	0.13633868775245186	7.0	0.8263579571113437	0.1310032696675536	7.5	0.8637490734680551	0.10492271971372948	4.5	0.15279068780166394	0.10169242378012554	5.0	0.4005816909961647	0.11085902484788702	5.0	0.09933450058699615	0.08080945161315202	5.0	0.30103211366256327	0.07759236479960545	5.0	0.43496045840796704	0.07608496452402438	5.0	0.024649379861913984	0.11669484056385027	5.0	0.16984702110093497	0.3879879973392786	5.0	0.2673118374276736	0.24662217820422147	5.0	0.14616186604373416	0.23697097463596542	5.0	0.46997394478847443	0.2324492710208195	5.0	0.19045915918222509	0.38563406376095805	5.0
7507	4.04428024657048			5.0	1.015787697839427	0.0934957588611192	6.0	1.534767586420552	0.08199760354300474	5.5	3.7743005112088825	0.08809809378416814	6.0			5.0			5.0	0.725620127613499	0.10457003871321678	5.0	1.2510936491064877	0.11233764127680664	5.0	3.178282149914501	0.12071158645322504	5.5			5.0	2.15347931222943	0.0839712497613366	5.5			5.0			5.0			5.0	0.1179126583198439	0.07308249542388714	5.0	2.0107348452235545	0.07815760480546745	5.0			5.0			5.0			5.0	0.29320967725301866	0.0776834205224519	5.0																2.5092150432501046	0.14924995277551156	5.0			5.0			5.0			5.0	0.1341874402481997	0.14834444931201538	5.0
7624	4.845			5.0			5.0	0.045636316465540186	0.1566336024182966	5.0	0.29107849591816914	0.14023696593838794	5.0			5.0			5.0			5.0	0.24266850971201684	0.22176961854373614	5.0	0.639045738253953	0.19858409417425552	5.0			5.0	0.25462564586598957	0.039658728308464945	6.0			5.0	0.28289358013064747	0.09948427012800347	5.5	0.1582988873759978	0.0845119424033345	5.0	0.05659238168216369	0.03413652424185962	5.0	0.46137630587518685	0.07852793839947106	5.0			5.0	0.7172267921508431	0.17517715446274812	5.0	0.5738046306605813	0.19841745258532748	5.0	0.12724996834061553	0.078051507292589	4.5	0.11500610861183416	0.07953909871941278	5.0			5.0	0.09180656086803764	0.11024569339881433	5.0	0.30226738412394005	0.1445817547861126	9.0	0.07941680528872469	0.07452025151362783	5.0	0.23869523416679486	0.16376866933028725	5.0			5.0	0.02225592348620112	0.21628593450056108	5.0	0.8622647328046789	0.21215892741267778	5.0	0.012769806163975857	0.16277508042434158	5.0
7762	4.14863310108243			5.0	1.1544145265920625	0.04897272454736482	5.5	2.1556856716880843	0.042949901212388404	5.0	6.081995318662637	0.042125669941808844	5.0			5.0			5.0	1.149283019749152	0.0610323276056073	4.5	2.1559242839272255	0.05864391541066494	5.0	5.996375334719064	0.06301538811560585	6.0			5.0	3.059008613409876	0.025626594108935048	5.0			5.0			5.0			5.0	0.09160009702701176	0.02546943168356808	5.0	3.694590793335421	0.03919331321653119	5.5			5.0			5.0			5.0	0.1318094648762234	0.03373647542375986	4.5	3.2369121127838842	0.03923587877903506	4.5			5.0			5.0			5.0	0.11744591621571432	0.038996851288280676	4.5	3.7165609331840903	0.07421522018250183	5.0			5.0			5.0			5.0	0.0809399231850186	0.0583163168922207	5.0
7809	3.57819206358422			5.0	0.8826060261810468	0.18198825182740494	5.0	3.85917930659459	0.24726399136990998	8.5	8.126396287207577	0.19173546636157612	5.0	0.06259622569847714	0.04985575927441485	5.0			5.0	1.3734912476413064	0.15410627517869974	5.0	2.642687289607984	0.14807554816247936	5.0	6.371077135560766	0.16239452726561848	5.0	0.09918595601911928	0.051340872060629913	5.0	3.5004338737538676	0.11913690130319447	4.5			5.0			5.0			5.0			5.0	3.7898685241250427	0.10853245085878738	8.0			5.0			5.0			5.0	0.2710297395316543	0.08355882682244599	4.5	3.805220667204183	0.18962270793509908	5.5			5.0			5.0			5.0	0.2166890285864118	0.1762786050408848	5.0	4.753397362054512	0.3088923646863199	5.5			5.0			5.0			5.0	0.325503996211406	0.2871893285333087	5.0
7892	4.22872754610498			5.0	0.8686821273081606	0.0546142287205186	6.0	1.7837044720321606	0.047894354425382826	4.5	4.893561929148667	0.05146222427417705	5.5			5.0			5.0	0.883624442771487	0.06055210456995989	5.5	1.857614360091217	0.058182485211533734	5.5	4.782980504011876	0.05209963473989924	4.5			5.0	2.393399828894455	0.02823475842756263	5.5			5.0			5.0			5.0	0.09155709867601736	0.02430447390922023	5.0	2.6469802308994312	0.026579509619852767	4.5			5.0			5.0			5.0	0.04881323481656297	0.02157041163407135	5.0	2.502216699684451	0.019664972993565306	5.0			5.0			5.0			5.0			5.0	2.8801061139736923	0.030018513129555183	5.0			5.0			5.0			5.0	0.012324850816810232	0.014918195002953494	5.0
7938	4.80631123887867			5.0	1.0175755526922883	0.10504249369466481	5.0	2.378915499845181	0.1235810611262282	7.5	6.296471883466911	0.09897074753920879	5.5			5.0			5.0	1.035833081862431	0.12619055044292765	5.0	2.5275525088493858	0.13282520147509927	5.0	7.432191381444752	0.13029072992383745	5.0			5.0	2.4780984875232748	0.03595560491178596	6.0			5.0	1.1307600796719404	0.0248792001231643	7.0	5.522463000711681	0.024404473759275763	4.5	0.041856881067688256	0.03095006418424645	5.0	3.241210682721002	0.06566426503889455	6.5			5.0	2.0157360836309017	0.1954835064973246	6.0	7.069072091727995	0.191753435844632	5.5	0.07306768588987082	0.058375576091411446	5.0	2.4636070538840684	0.048274944093461634	4.5			5.0	0.8936805978466746	0.03032053670943262	5.0	6.7539869546204265	0.04205501096245533	4.5	0.022863840355565018	0.050881283135336165	5.0	3.3614285814732376	0.0972896599996737	5.0			5.0	2.7510811298280884	0.13808560407852988	5.0	7.742146509266282	0.13545075744337018	5.0	0.09946841896277334	0.10256520330219132	5.0
8013	8.47315			5.0			5.0			5.0			5.0			5.0			5.0			5.0			5.0			5.0			5.0			5.0	0.29943170276517767	0.08165399037732454	5.0	0.21930610479783139	0.07160345667939068	5.0	0.873130555336841	0.0702315527845913	4.5			5.0			5.0	0.3200597162770404	0.189639280612455	5.0	0.45048350981296165	0.1822180206306843	5.0	1.3781766128157424	0.17874107209769063	5.0			5.0			5.0	0.09493404734158521	0.08477438847031844	5.0	0.40146709330877534	0.08125378853680547	5.0	0.821579962043472	0.08208656526877152	5.0			5.0			5.0	0.24487408692573934	0.18865559643375554	5.0	0.6926337107909162	0.17512619302196028	5.0	1.2059963213668494	0.1778139183763604	5.0			5.0
8079	7.258982			5.0			5.0			5.0			5.0			5.0			5.0			5.0			5.0			5.0			5.0			5.0	0.053531135695799086	0.028734357665291855	5.0	0.030554578192979128	0.033811686926387904	6.0	0.08006318418302281	0.030274736546641208	5.0			5.0			5.0	0.09996532321272845	0.04460501646479642	5.0	0.06302989274812894	0.04285946342004678	5.0	0.04218545380670587	0.04700399483457136	5.0			5.0			5.0	0.0988778764505558	0.05835836047715805	5.0	0.09446424128564448	0.05828440954547224	5.0	0.002913138569329569	0.05488968126338131	5.0			5.0			5.0	0.10804177755905436	0.1256163034924787	5.0	0.15813237269353753	0.1256290535598997	5.0	0.030387990228534785	0.11839737361734068	5.0			5.0
8083	4.6487198664651			5.0	2.5185827564809453	0.053109963881117654	4.5			5.0			5.0			5.0			5.0	2.678046204133758	0.06248960665223046	5.0			5.0			5.0			5.0	6.882685781445805	0.05643096384455142	4.5			5.0			5.0			5.0	0.48690627362449773	0.05608487692923871	4.5	7.429146490845964	0.08283576376090308	4.5			5.0			5.0			5.0	0.6185302997796143	0.08233319696211572	4.5																9.211074891236725	0.10823221859783458	5.0			5.0			5.0			5.0	0.4001302801122706	0.08018209636242739	5.0
8113	4.90277103561231			5.0			5.0			5.0			5.0			5.0			5.0			5.0			5.0			5.0			5.0	1.50070997509397	0.051470666527468775	5.5			5.0	1.2395353878961335	0.08013331886557372	5.5	3.894120065979175	0.07859907157052974	6.0	0.01177167269397126	0.04430593562007977	5.0	1.785848901591545	0.050062799766572595	6.0			5.0	1.1626223524936945	0.05571055217768522	5.0	3.764914160213515	0.054647524920578616	4.5	0.04665005790493577	0.04309261645319945	5.0	1.4689024517728302	0.06145852158713354	5.0			5.0	1.187298965258403	0.10112425811806566	4.5	3.8317412515511333	0.09917071050070721	4.5	0.07726315802873583	0.0575815788828278	5.0	1.5657404652908953	0.13628660766753437	5.0	0.21716372900074965	0.053447430748793844	5.0	1.1487310179557797	0.10894219358895393	5.0	4.074291697827218	0.10686343980341007	5.0	0.046671527692482666	0.12771268005555736	5.0
9422	5.935895			5.0			5.0			5.0			5.0			5.0			5.0			5.0			5.0			5.0			5.0			5.0	1.6780692075379573	0.0354025009227986	6.5	3.0032331542570225	0.030422573294885666	4.5	8.600456659473696	0.029973296739970883	5.0			5.0			5.0	2.0122085686403404	0.049934657738631635	4.5	3.836711536288453	0.04798053686249254	5.0	10.420072296471975	0.04706500799943221	5.0			5.0	4.176010782519154	0.053265680662037906	4.5	1.6434838673828769	0.02085021530167283	5.0	3.1330394740735974	0.02099328267192209	5.0	9.29482762618837	0.019626637136021693	4.5	0.04636482145583448	0.05259241297919892	5.0	5.46377215284496	0.08505297125361069	4.5	1.9354122296644942	0.0317976611995541	5.0	4.059619132548715	0.029131433817871404	4.5	10.796394555541903	0.02857556949816259	4.5	0.09981126286253507	0.08453695259748624	5.0
9452	5.12243857379367			5.0	0.28203834602613603	0.19372963890314937	5.0	0.6924823490544011	0.20101183902131334	6.0	2.7323321513690284	0.1971448212309507	5.5			5.0			5.0	0.010863775208269328	0.34749239339933063	5.0	0.18365015122856881	0.3657623094781013	5.0	3.7626884425665352	0.38753004567322613	6.0			5.0	1.3924441029328027	0.0772807654548489	6.5	0.9760435505912648	0.13555000020570607	4.5	1.1071606285053293	0.13023252117827638	5.5	3.640082697369178	0.14282229081131284	6.5	0.11298888579995509	0.04858912371870902	5.0	1.6170853137351797	0.19786460139488837	4.5	1.030784618552432	0.423899164017079	8.5	0.5342210500008112	0.33256761516172023	5.0	3.772308689169244	0.3647270688390355	6.5	0.20236375211767307	0.19666415155535463	5.0	1.5920378044547294	0.13708592293610902	5.0	0.8822093238222601	0.23418988496093932	5.0	1.4116751870213649	0.23703984369327752	5.0	3.509077519124156	0.22051583785452944	5.0	0.1278424812901083	0.12924468975189835	5.0	1.798409399947464	0.4127663089580999	5.0	1.6690957837220457	0.5331592737813685	5.0	0.38001797869595766	0.48600557154342805	5.0	3.2213641634788988	0.5270470291667199	5.5	0.37458171441565374	0.38920874963009566	5.0
9743	5.44012039584156			5.0	0.04465462229304335	0.0	5.0			5.0			5.0			5.0			5.0	0.20458831484187764	0.11826554136375222	4.5			5.0			5.0			5.0	1.589994031140164	0.07483299339433015	5.0	0.391939465144906	0.079541857267448	5.0	0.5929341276741454	0.07642910130091193	5.0	1.660497371452914	0.08656588558539895	5.0	0.144382033373914	0.07488676760369375	4.5	2.458099768946839	0.20655851645321965	5.0	0.8075195274281715	0.2130457756833632	5.5	1.02835170443843	0.20470853624515645	5.0	2.3590909540590563	0.20080244044666265	4.5	0.2533354752698735	0.20530532039786156	5.0	1.3967902894482267	0.11856166492969135	5.0	0.3836149848989299	0.1279115882831944	5.0	0.6779184926156777	0.12281059969010101	5.0	1.8972257272373714	0.12042682953007466	5.0	0.05481523514802997	0.11781278505494945	5.0	5.183489198237835	0.5858823414321505	9.5	1.631628799968988	0.38761711306872176	7.5	1.6291330716823387	0.30410274384017233	5.0	3.4483820020568134	0.2983000818124541	5.0	0.6018843247308014	0.4224649724024453	5.0
16625	6.630648			5.0			5.0			5.0			5.0			5.0			5.0			5.0			5.0			5.0			5.0	1.239285830250872	0.04361962918145598	5.5	0.38468445845742266	0.027853587241560583	4.5	0.5352104517423425	0.02675732133944057	4.5	1.385652903862326	0.02624325148462477	4.5	0.07486039429263956	0.038775797878315615	5.0	1.7084691522072875	0.08215428197355239	4.5	0.7170493805815538	0.03871962054921244	5.0	0.6482464878321798	0.04159576583460559	5.0	2.2202292023661014	0.044696424337947536	6.0	0.11160461358675271	0.08165584974299374	5.0			5.0	0.3085161426064247	0.042244976287280904	5.0	0.5508232134659213	0.038621345995685334	5.0	1.5719442835533357	0.03972266869198557	5.0			5.0			5.0	0.4319961388081318	0.10153272175946172	5.0	1.3119385366994039	0.10189745434289338	5.0	2.534503817737008	0.09995312302392056	5.0			5.0
16745	5.56655234405774			5.0			5.0			5.0			5.0			5.0			5.0			5.0			5.0			5.0			5.0	2.032948978987903	0.03560322236188388	5.0	0.5190588088333201	0.0	5.0			5.0			5.0	0.07341973316862342	0.02502087497325026	5.0	2.1694869703130295	0.05731092565412206	6.0	0.43631210960569894	0.0	5.0			5.0			5.0	0.09942900726496244	0.044123519499246325	5.0	2.136155133945955	0.05794789966505754	4.5	0.6853565760768447	0.05708506187806061	4.5	1.8392533049156434	0.05776408636105566	5.0	4.9894513813447094	0.053728060664575354	4.5	0.15173015614468446	0.06044386264498208	5.0	2.1102508198352363	0.0968579760380938	4.5	0.7352952411126704	0.12927362828469807	5.0	1.4905757653939882	0.11784040283949222	5.0	4.390092494359483	0.12184451891471221	5.0	0.05270252420335013	0.10147784439706514	5.0
17072	4.70200977971638			5.0	0.04871963048674992	0.07238282585965032	5.0	0.26448288749945303	0.06925723578825277	5.0	0.6659741764710592	0.06818338509051748	5.0			5.0			5.0	0.10868542934645928	0.07988288756201109	5.0	0.009643656285584421	0.08408284612116664	5.5	0.6912100635329192	0.075292170055607	4.5			5.0	0.5258357585009059	0.033542826249256676	6.5			5.0			5.0			5.0	0.08573992118541555	0.02582383689780058	4.5	0.49113472536193176	0.03475833713900607	6.0			5.0			5.0			5.0	0.05496244642921064	0.024428741383352548	5.0	0.37128131325975977	0.03605804464094146	5.0			5.0			5.0			5.0	0.013128453161389997	0.03583199506567448	5.0	0.373217500400799	0.06997011677938496	4.5			5.0			5.0			5.0	0.05463774887074101	0.07376425462457777	5.0
17260	4.88512714601353			5.0	0.05072622525003773	0.06653357910267181	5.0	0.010633835297518152	0.07000942890554407	5.0	0.37209776595309074	0.07416383954018185	6.0			5.0			5.0	0.21621694498390523	0.10043902525130731	7.5	0.24858073769989442	0.08511248686030125	6.0	0.22138747583768933	0.077295270098972	5.0			5.0	0.3383567386918954	0.03211770136700935	6.0			5.0	0.074419629774923	0.04828074343702407	5.0	0.2659848734248148	0.04735634459513107	4.5	0.008520342932641806	0.022571732724923188	5.0	0.4378307374170225	0.05028363510184611	7.0			5.0	0.008196016464078327	0.058745055273857705	5.0	0.35616434886806014	0.07439242663607828	7.0	0.03627699418937405	0.0316092186145297	5.0																0.48522228368156384	0.07246682105001703	5.0			5.0	0.07172345579862137	0.08900736793238617	5.0	0.40698111411788035	0.08730899564028274	5.0	0.06573165943113896	0.07202716290453051	5.0
17566	6.101534			5.0			5.0			5.0			5.0			5.0			5.0			5.0			5.0			5.0			5.0	1.928954227849252	0.11062531078160918	5.0	0.8179389728622941	0.12075991675844017	5.0	1.6796861953980409	0.12970548492345108	5.5	4.791611438590089	0.11378973278547211	5.0	0.17676116622140206	0.10995414405625899	5.0	1.4559810485902378	0.08972069068279805	4.5	0.5998067594127028	0.08452913031678129	5.0	1.0625101048824723	0.09080806735670469	5.5	3.2592766591903066	0.08907533545955952	5.5	0.02245784330534116	0.08917635284782213	5.0																		5.0	0.3854000710823236	0.23270157526917248	5.0	0.5498106911883197	0.22359513443755435	5.0	3.128743141999102	0.21932865864125156	5.0			5.0
17777	4.13366013096712			5.0	0.28779742171142936	0.06185253933085139	7.5	0.6327668000106089	0.05557748894155633	6.5	1.6400775681204003	0.0460678671848012	5.0			5.0			5.0	0.5018957533667529	0.09911334660995764	8.5	0.6311780956274965	0.07528963206613146	5.0	1.7266476003841906	0.07385301139128966	5.0			5.0	0.7105645400085547	0.03424581015778025	5.5			5.0			5.0			5.0	0.04449191664284916	0.0294763320183048	5.0	0.6765953607481632	0.05496730595538729	7.0			5.0			5.0			5.0	0.031982499740547524	0.04731427415256055	5.0	0.6890219618399572	0.05060445630730045	5.0			5.0			5.0			5.0	0.0754788621326274	0.05029067038342994	5.0	0.7540688969630727	0.107186131092775	4.5			5.0			5.0			5.0	0.10906467430981516	0.09003920997406026	5.0
18028	3.73094591607022	0.543460406197157	0.09879197343405788	5.0	0.19603060081122223	0.08252503514560224	5.0	0.31725016911766274	0.07928223132302117	4.5	0.838766382950462	0.0777563754837121	5.0	0.14571340890012266	0.09818818588988251	5.0	0.9164026362366625	0.12543223137222778	5.0	0.5020692817809129	0.1193023643364303	5.0	0.21292078106811388	0.10253144302684145	5.0	0.705067871214676	0.10057501440803931	5.0	0.32479688467205886	0.12467123066279431	5.0			5.0			5.0			5.0			5.0			5.0			5.0			5.0			5.0			5.0			5.0	0.43682535878663475	0.08934374906315898	5.0			5.0			5.0			5.0	0.13098335413770676	0.08877918021595337	5.0	0.9338175618721871	0.20934191443784156	5.0			5.0			5.0			5.0	0.07519611944699336	0.22243814430253994	5.0
18090	4.77562372049334			5.0	1.5535763896215908	0.12133847487606572	4.5	3.6958836480598767	0.11653484774222073	5.0	11.58790370827182	0.12519482065182458	5.0			5.0			5.0	1.7014086241875794	0.1452850885522435	5.0	3.7203122566835924	0.1395995659635762	5.0	11.697279523889605	0.13693583103542048	4.5			5.0	3.666693740037747	0.05843999103187185	5.5			5.0			5.0	10.394211560303267	0.03804335349998535	6.0	0.1709835655428597	0.05030262112837596	5.0	4.402930610981561	0.06567530397261137	4.5			5.0			5.0	12.027489511721615	0.057564787619904516	6.0	0.07852599844693468	0.06527685014326445	5.0																4.935756624885	0.11791802908382572	4.5			5.0			5.0	12.882534357101479	0.11100980862079098	5.0	0.23370565805324534	0.12431214813592537	5.0
18846	6.335054			5.0			5.0			5.0			5.0			5.0			5.0			5.0			5.0			5.0			5.0	2.982768614126829	0.06511929387896505	6.5	1.2582689715658266	0.04606027167496542	6.5	1.9508208065362684	0.040505695801246334	6.0	5.41205394642244	0.03553596540161902	4.5	0.16377492035549018	0.05284180465724677	5.0	3.182645453158687	0.059980714662483	4.5	1.0961002764108418	0.0648237741056674	5.0	2.13867648473709	0.076285670473406	6.5	5.848629166127357	0.061098475187441596	5.0	0.3493378654521712	0.05961681005911602	5.0																		5.0	0.8850737317972378	0.10500335473317907	5.0	1.9043664271047969	0.10089419975260137	5.0	5.836707059577878	0.09896901179039196	5.0			5.0
18970	3.72458828704365	6.233202744784901	0.10052123677719434	5.5	2.226761694078446	0.1479202244064771	4.5	3.3720911174423076	0.15886779589407798	5.0	9.383523161431926	0.1558188986862368	5.0	0.3615447432560471	0.07738577363267365	5.0	9.657533798779417	0.22838355991496392	4.5	3.4907230150720077	0.2626042138062964	5.0	5.852834262145341	0.27641101084508435	6.5	14.485734983652174	0.27113674183846886	6.0	0.9133339660218949	0.22699795073609505	5.0	5.56014944935518	0.059967952262612007	6.0			5.0			5.0			5.0	0.47831728984623445	0.051618686497468674	5.0	10.747289361636549	0.18141994191391703	6.0			5.0			5.0			5.0	1.4289631329752628	0.15616106191239976	5.0	5.021445905820577	0.09040121379077926	4.5			5.0			5.0			5.0	0.7751134903792122	0.08984358556774823	5.0	10.586024161790101	0.2835541883673054	4.5			5.0			5.0			5.0	0.9908118801689089	0.28183385750702467	5.0
18976	6.327052			5.0			5.0			5.0			5.0			5.0			5.0			5.0			5.0			5.0			5.0	1.0027753718546206	0.06928967688014014	5.0	0.5859455796992891	0.0577760370027254	5.0	0.5020284650147351	0.049641904758688266	4.5	1.80297821419798	0.05443539154504008	5.5	0.004425881253276771	0.06885542964854295	5.0	1.060032525613564	0.10124801115028753	5.5	0.36560232699775636	0.061972589236089504	4.5	0.534092787455279	0.0595473812571238	4.5	1.4304356401575238	0.06530564262064271	5.5	0.06560898096584175	0.1006337367531248	5.0			5.0	0.5902508296717742	0.08121906750616555	5.0	0.3501740350868639	0.0906963299752481	6.5	1.6956637886323565	0.07977754247625769	5.0			5.0			5.0	0.6089927520268081	0.11423865433434832	5.0	0.295589699531245	0.10976808921170807	5.0	1.6416280402733292	0.10767357630111182	5.0			5.0
19342	5.974287			5.0			5.0			5.0			5.0			5.0			5.0			5.0			5.0			5.0			5.0	1.7851975430455964	0.07472688151246434	5.5	1.0219652184098755	0.08638857003110241	4.5	0.9951586778949008	0.10115031049937731	6.5	3.045038347315436	0.08139818303949127	4.5	0.0071867148835038	0.06642779824580967	5.0	1.2887135432657832	0.059144426759569324	5.0	0.5447229733314102	0.06280749937348881	5.0	0.6650375742259873	0.07983504098797627	8.5	1.94372158480123	0.05919807192651296	4.5	0.04523494891940115	0.05878559593730559	5.0																		5.0	0.1397057331144277	0.1350172526970878	5.0	0.169244025984549	0.13606569207040414	5.0	1.8705190144532167	0.12725806816398275	5.0			5.0
19519	3.60450973158305	3.64805083067548	0.0638172625849454	6.0	1.384451052847953	0.04663107116445836	4.5	2.6264319956494773	0.04479238236356962	4.5	7.580265836825919	0.05380439071305574	6.5	0.11991601996183787	0.05751311802201682	5.0	3.466046337495895	0.07000043720234078	5.0	1.4783303755255865	0.08766821607232715	6.5	2.3746580654442293	0.07689791629864552	6.0	6.958303579911789	0.08263009055429642	6.5	0.1294304671948273	0.06223043608141943	5.0	3.6314833110715194	0.053430234175845644	6.0			5.0			5.0			5.0	0.10316349641396155	0.03754665439710887	5.0	3.6254144688901664	0.062290920257498376	5.5			5.0			5.0			5.0	0.1585731344283047	0.0619129995748441	5.0	3.3479964691151305	0.048091396661018325	5.0			5.0			5.0			5.0	0.12067845263973687	0.036127819593059766	5.0	3.65348255925083	0.08267106171085194	5.0			5.0			5.0			5.0	0.29128269970529913	0.08875319749915501	5.0
19606	5.88913558713673			5.0			5.0			5.0			5.0			5.0			5.0			5.0			5.0			5.0			5.0	1.3369900973295668	0.05957646645451254	5.5	0.48994632752184425	0.07154171682108186	4.5	0.6231744642436821	0.06836145676321105	4.5	1.96164543325836	0.07535715869617929	5.5	0.03473389579249384	0.052958181726047104	5.0	1.8957910443872372	0.16341972836202925	6.0	0.5880048191378463	0.10129654521767795	5.0	0.9050266469582134	0.0973324508861073	4.5	2.808730882583219	0.10674454726249419	6.0	0.09291783137893218	0.1452802491915881	5.0			5.0	0.4677565908296389	0.06321121119441782	5.0	0.673749484323619	0.0606533471222559	5.0	2.0016556876251226	0.0594595420204654	5.0			5.0			5.0	0.4493610328209023	0.10647126002728576	5.0	0.8142600005613863	0.09754366667174995	5.0	2.7884527275514976	0.09568241108591397	5.0			5.0
20961	7.04457065169479			5.0			5.0			5.0			5.0			5.0			5.0			5.0			5.0			5.0			5.0			5.0	0.12689033599248034	0.0751630359038089	5.0	0.24079706590438352	0.06457827394428435	5.0	0.6066511263474281	0.07081901293994584	5.0			5.0			5.0	0.5099552211214218	0.12768531396357718	8.0	0.4721390706334484	0.08675389379433733	5.0	0.9990796308294891	0.09514303844225802	5.0			5.0			5.0	0.14481611705659136	0.09428292277533316	5.0	0.17551864378123355	0.0904227717642914	5.0	0.6808235125727051	0.0886104120802912	5.0			5.0			5.0	0.5798427291098441	0.20153641084123305	5.0	0.28608289402922954	0.19364957381132525	5.0	1.2426034815023503	0.18995449689602234	5.0			5.0
22251	5.79838391626917			5.0			5.0			5.0			5.0			5.0			5.0			5.0			5.0			5.0			5.0	3.9961938312804994	0.07286560463604883	5.0	1.533265726273562	0.07720485055049084	5.5	3.2342250769904117	0.06633519078713043	4.5	9.452353789572465	0.06506400637336149	4.5	0.022878394810570205	0.07241625152268238	5.0	3.3010392298995477	0.06369745063800956	4.5	1.1107840765262038	0.05757315528058828	5.0	2.3724346017492097	0.05532011281001349	5.0	6.648846868435063	0.05426453562607179	4.5	0.08811277315707058	0.06331099649783449	5.0			5.0	1.6934773221661596	0.10863907199363058	5.0	3.270996805880251	0.09940053300356552	5.0	9.527480172235103	0.09701750283085986	5.0			5.0			5.0	0.7745731549349288	0.19338098087925742	5.0	2.212390140652392	0.18581329484919756	5.0	6.814371083767043	0.19116402261359589	5.0			5.0
10000626	4.46468607001795			5.0	0.23755750674385362	0.05414259749210766	5.0	0.19550639755665156	0.0520179936700919	5.0	1.0588556123615156	0.060367352022538685	6.0			5.0			5.0	0.26523425921700067	0.07908925378912254	5.5	0.1769953337915551	0.06937290491891276	5.0	1.024887316567594	0.07454414490505856	5.0			5.0	0.48971489162249926	0.022930826923854997	7.0			5.0			5.0			5.0			5.0	0.6588472034092361	0.04448142360840351	7.0			5.0			5.0			5.0	0.08565423821670011	0.027961841666293626	5.0	0.4844154527521859	0.033708550933509336	4.5			5.0			5.0			5.0	0.05973299112747349	0.03349884624585074	5.0	0.5072393737184233	0.0564398504086446	5.0			5.0			5.0			5.0	0.053934178652879354	0.05609742832359203	5.0
10001587	3.43070237834676	0.20946199154142653	0.052568626506776836	5.0	0.0013702534556749742	0.05810395166071816	9.0	0.21593561529084404	0.03947289352963459	5.0	0.392724113097471	0.054756392939440894	8.5	0.12847959803404643	0.052249691240863476	4.5	0.20413861956134807	0.0649984189713175	5.0	0.009112287503141728	0.051787152396279505	4.5	0.19381275090069439	0.04976053681114421	5.0	0.2096267206579933	0.048811043314995896	5.0	0.1697273809714066	0.04568197727720628	5.0	0.24738069080635922	0.04081457798342056	6.0			5.0			5.0			5.0	0.017195030945026633	0.033122779929540845	5.0	0.24058321191031345	0.06329830652663954	5.0			5.0			5.0			5.0	0.0720265058334486	0.06291427400451054	5.0	0.35491677880358713	0.07094559795232118	5.0			5.0			5.0			5.0	0.001777310659513138	0.07050446661366441	5.0	0.3705006754355756	0.11383067661597379	5.0			5.0			5.0			5.0	0.04792333345561449	0.11314006285016076	5.0
10001892	4.770522			5.0	0.0677890940932699	0.06975576299241605	5.0	0.013620495183298605	0.06700843811645545	5.0	0.5105976401876412	0.0657163196303643	5.0			5.0			5.0	0.018085145284090505	0.10397160867642612	5.0	0.39038019507591853	0.14817984273400833	9.5	0.3689453287718292	0.10734985098535706	5.5			5.0	0.1736033183356396	0.03224352173071672	7.5			5.0			5.0	0.12717029611965727	0.022464930692729285	6.5	0.019478383370083594	0.024822544540597628	5.0	0.20921789107192043	0.028113979299847897	5.0			5.0			5.0	0.10994444992648461	0.043596025854149435	9.0	0.0462016662623199	0.027943411033952807	5.0	0.2327252789192472	0.03511608727582756	5.0			5.0			5.0	0.06792318012183252	0.042989616432988126	6.0	0.013774500028483776	0.034898181172214916	5.0	0.28708821514776406	0.07394419041568613	5.0			5.0			5.0	0.08220042464844121	0.06689370406783354	6.0	0.029033060591220707	0.06929228699830078	5.0
10005113	5.820838			5.0			5.0			5.0			5.0			5.0			5.0			5.0			5.0			5.0			5.0			5.0	0.15659437321955483	0.033315998904942426	4.5	0.3020327243216247	0.03578575443015918	6.0	0.9192363307471927	0.035101515572119414	5.5			5.0			5.0	0.15914407243308049	0.048281782593599123	5.0	0.38793003237328294	0.04639234460451753	4.5	1.3284234729097246	0.050878507385463484	6.5			5.0	0.5791398770340027	0.05506494214089829	5.0	0.23537792460042833	0.06343344205873523	5.0			5.0			5.0	0.010807418005220752	0.0547110143809439	5.0	0.8613315389937168	0.13972283543901065	5.0	0.45938975136306315	0.14606108339387033	5.0			5.0			5.0	0.35936287290287056	0.13241224413196365	5.0
10005217	4.8883230178694			5.0	0.7681862020993211	0.054346730598133206	4.5	1.0386759273350226	0.057176502598086515	5.0	3.23332281277743	0.05606964795056874	5.0			5.0			5.0	0.9725401636754983	0.07795180189349923	4.5	1.1828084876675078	0.07490127045279667	4.5	3.808738428195167	0.08048460944129483	5.5			5.0	2.6788992028323584	0.03195417560137708	5.5			5.0	0.942784318087068	0.043712739552500615	4.5	3.101676694830419	0.0495103426417854	5.0	0.022351111600787506	0.02750477393358479	5.0	3.4910272192429597	0.042077431311058365	6.5			5.0	1.3071151617331949	0.08960939968658986	7.0	4.1050996931596435	0.07861973853882633	5.0	0.012704543044063705	0.037406864932918886	5.0	2.6361556337437384	0.0385327694008556	5.0			5.0	1.00060275633529	0.0685178558261371	5.0	2.954444166790416	0.0671784517839917	5.0	0.0216796918855094	0.03806531101166578	5.0	3.5460006429125968	0.08355268563048208	5.5			5.0	1.0902732738464673	0.14625068751386966	5.0	3.929708404160332	0.1434600408388546	5.0	0.03422842483777002	0.07878413425883767	5.0
10005447	6.62257640301802			5.0			5.0			5.0			5.0			5.0			5.0			5.0			5.0			5.0			5.0	0.23021391906614425	0.0826665927057722	5.0	0.002039262806763886	0.050148463354317906	5.0	0.07481499073636554	0.04817502778722896	5.0	0.2776750566042389	0.051758279378974904	6.0	0.07770373620199893	0.09185714772500368	5.0	0.25278966386637464	0.16377183500811687	5.0	0.08689784879114765	0.08966917177984224	5.5	0.14357487989039142	0.07706393438842996	5.0	0.5103739761991914	0.07559345779840981	4.5	0.03535796970768937	0.16277822689596733	5.0			5.0	0.045491326833285106	0.0815572963542549	5.0	0.2139580487784732	0.07823097518579553	5.0	0.70183022631566	0.07308441640544672	5.0			5.0			5.0	0.16347839927450714	0.13833110127731635	5.0	0.41006867424507376	0.13882802344256476	5.0	0.7025319168190578	0.13617901051410294	5.0			5.0
10009506	3.59928686455817	4.272490659061275	0.0731908702041201	6.5	1.6634346860487348	0.04760001561672774	4.5	3.7249286394152694	0.05113009517392813	5.0	10.875546802589689	0.05015558973090716	5.5	0.0874982681481267	0.06640920018872695	5.0	5.106128474279589	0.1157880344807304	5.5	1.841887582509871	0.08703001281345188	5.0	3.807845952974117	0.07479577500442537	4.5	10.60934859999405	0.07336857774215207	4.5	0.10552583612248945	0.10293564107208603	5.0	4.424856658000526	0.036516644101020686	4.5			5.0			5.0			5.0	0.1037369536516731	0.03629509664258692	4.5	5.451180560085199	0.05685090294947139	5.5			5.0			5.0			5.0	0.23510024248757844	0.05650598699763539	5.0	4.6267089853646	0.07018823258455774	5.0			5.0			5.0			5.0	0.09822581665197454	0.0527287665034029	5.0	6.243760241769817	0.10602151754870379	5.5			5.0			5.0			5.0	0.34208153653010476	0.09857235696266907	5.0
10009693	6.28599376348805			5.0			5.0			5.0			5.0			5.0			5.0			5.0			5.0			5.0			5.0	0.40204974792275483	0.09732939744679689	5.0	0.15917343144537124	0.07790209399206507	5.5	0.11640405163713687	0.0885609636234271	7.5	0.6002212144605099	0.0804193758983442	6.5	0.12817736537513008	0.09673889738397136	5.0	0.37431018445413733	0.14921578521850445	5.0	0.0690842784124594	0.09286822459666637	5.0	0.04291614476172262	0.0892339604476214	5.0	0.5007676091036933	0.08753126448594184	4.5	0.10560034464748003	0.12844065116541317	5.0	0.542296175405558	0.13254773674604042	5.0	0.2558725322658993	0.10324062776553718	5.0	0.09470728635917242	0.09910250671698438	5.0	0.7410715161336809	0.09715795433532462	5.0	0.05201662193707158	0.1310133114693325	5.0	0.3057553289400356	0.22339308266894264	5.0	0.12279922286865255	0.16315079992104833	5.0	0.406924501140187	0.17685604481438577	6.0	0.6369570466290293	0.15377483397580027	5.0	0.2114964355249906	0.2220377508492542	5.0
10009848	4.37			5.0	0.05661113720945874	0.09518386622229141	5.0	0.09689855993534105	0.09143224676606701	5.0	0.2253791479657339	0.10610309546378682	7.0			5.0			5.0	0.20063406499082345	0.13512257189582738	5.0	0.152784565035995	0.12983474475256487	5.0	0.12933804582425742	0.12735733486888579	5.0			5.0	0.008646000809085187	0.05066807880015611	4.5			5.0			5.0			5.0	0.011926681608721686	0.05035395810834638	5.0	0.10296632714992891	0.07208460525382789	5.0			5.0			5.0			5.0	0.16608360729981525	0.07164726602182697	5.0	0.13089143260654781	0.06878421466732583	4.5			5.0			5.0			5.0	0.11531632178271896	0.06835309299091238	5.0	0.30551466847407643	0.2379300058286816	5.0			5.0			5.0			5.0	0.3036210930436769	0.2229615897708505	5.0
10013545	4.03498294164463			5.0	1.0891786462708568	0.06908762756049569	5.5	2.4325047225711423	0.06637534696717097	5.5	5.631705473427239	0.059430427014279474	5.0			5.0			5.0	1.2426991880896419	0.08671462832221795	5.0	2.6987816880520565	0.09127377555058042	5.5	8.186567173489651	0.08173130367718277	4.5			5.0	2.6146272694193446	0.05303277443722823	5.5			5.0			5.0			5.0	0.0852895679010127	0.045650596878622995	5.0	4.907578328468384	0.0874157445930473	7.5			5.0			5.0			5.0	0.0358289807747633	0.05495114614519952	5.0	2.707413253009671	0.06381705169221767	5.0			5.0			5.0			5.0	0.2800796486664088	0.05984163643985359	5.0	4.821465050049676	0.13362783127810254	5.0			5.0			5.0			5.0	0.7296340175061415	0.13281710764440394	5.0
10013609	6.928894			5.0			5.0			5.0			5.0			5.0			5.0			5.0			5.0			5.0			5.0	0.15097172005099752	0.028920446867082523	7.5	0.6921196981313569	0.07182054307644295	6.0	0.9224413411304061	0.06298109986750546	5.0	2.9305224482274546	0.05525160334653597	4.5			5.0	2.1572490882355426	0.13513771134849192	5.0	0.6252227802850677	0.09956597693854675	4.5	1.3201149816170317	0.1171708591776038	6.0	3.590190793621995	0.1049209043429283	5.5	0.15020117757428958	0.1201375169122426	5.0			5.0	0.6051510770879329	0.08268626714290181	4.5	1.2658667573913374	0.08283896550313061	5.0	2.833178742243801	0.07772744367603031	4.5			5.0			5.0	0.8457768742931333	0.22648734827961947	6.0	1.1729306128833477	0.18636213865917692	4.5	3.1870139007309475	0.18280611515291978	4.5			5.0
10013618	5.94372301071691			5.0			5.0			5.0			5.0			5.0			5.0			5.0			5.0			5.0			5.0	0.6852239273613967	0.03367701482681202	4.5	0.2831778626723501	0.02537047241140141	5.0	0.5057713000556602	0.024371149530525726	5.0	1.2012219724683737	0.023903731582750644	4.5	0.10377061638283515	0.03346934118038676	5.0	0.7469173609928017	0.04599052629685936	4.5	0.3488804014663647	0.03893514820060074	6.5	0.587013337916177	0.03346184253493032	4.5	1.4077737726137716	0.036697619339104474	5.5	0.046998697255174644	0.03232291201093537	5.0			5.0	0.3126407850591578	0.03996010824120966	5.0	0.4954206057829145	0.038478857257814546	5.0	1.3335062129574686	0.03956388678150801	5.0			5.0			5.0	0.3665433413971067	0.11191584448510196	5.0	0.618465042596756	0.10253172383743732	5.0	1.6138653867471768	0.10057528986043682	5.0			5.0
10013620	5.91753186734937			5.0			5.0			5.0			5.0			5.0			5.0			5.0			5.0			5.0			5.0	1.078396122588457	0.03696290551565666	5.0	0.34178609125575155	0.046305149116390804	4.5	0.7852897867371995	0.0444827010889757	5.0	1.8753216325639561	0.04877770622347053	6.0	0.126609776169711	0.031813414657504875	5.0	1.351993947224611	0.09861518552037504	5.0	0.5099019754431072	0.07297201811769898	4.5	0.9151320658536646	0.07011636333931268	5.0	2.2768264070227264	0.06877845512468563	4.5	0.14430724234480505	0.09801688454682159	5.0			5.0	0.3227838647842404	0.07249875709921111	5.0	0.5567598267692738	0.06981382357358293	5.0	1.9159055297384038	0.06844118274227207	5.0			5.0			5.0	0.22141475338565383	0.15813547216363583	5.0	0.4470961059521705	0.15194706832937185	5.0	2.6253627333255145	0.16327360505781438	5.5			5.0
10013704	5.919825			5.0			5.0			5.0			5.0			5.0			5.0			5.0			5.0			5.0			5.0	2.581660502128212	0.06492061687414248	4.5	0.9238708926842827	0.0441849528147672	7.0	1.4035465659663091	0.03466409045770693	5.0	4.297813184880078	0.034003218984018084	4.5	0.4047733146538018	0.06452674175163053	4.5	3.2538637754102124	0.10824434563544937	5.5	0.966382171971862	0.06720584330273285	5.5	1.797719907799847	0.06457583946684957	6.0	4.8335604552621865	0.056656284190773294	5.0	0.5871485464614816	0.09622929657956562	4.5	2.6059219233948485	0.06643579439504434	4.5	0.8074874194734258	0.041000988010631643	5.0	1.458426622192045	0.03937012776269972	5.0	4.429746482683378	0.036623194745086074	4.5	0.27725227868795566	0.053894077298498426	5.0	2.9543771319150354	0.11441325178240533	4.5	1.0059706790550116	0.07852247590949	5.0	1.7689033147485886	0.07544961196351144	5.0	5.028938616646546	0.07400993867144438	4.5	0.44770191012338323	0.11371910351754877	5.0
10013905	7.197212			5.0			5.0			5.0			5.0			5.0			5.0			5.0			5.0			5.0			5.0			5.0	0.4825443900293407	0.03858912360302659	5.0	0.6176474355325207	0.04539997063408812	6.0	1.8442135135448205	0.03635877630779274	5.0			5.0			5.0	0.7577364538160732	0.07746273539609115	5.0	0.6101304468276365	0.06657341692381218	5.0	2.208249908913903	0.09235254746664803	8.0			5.0																		5.0	0.25369955007088096	0.14138816029377435	5.0	0.5721637656553124	0.14140251120621503	5.0	2.080519556873051	0.13326285182692452	5.0			5.0
10015338	5.07627227996806			5.0	0.8424923038524873	0.211896331640501	5.0	1.5419885094415815	0.20353555807304324	4.5	4.8436380433653525	0.21560715741983671	5.5			5.0			5.0	0.9360305256596105	0.28690012365074397	5.0	2.441636435252527	0.27567270072690536	5.0	5.9883735741322806	0.29622207363769243	5.5			5.0	2.4493381112324064	0.06607870772374337	5.0	0.7052036740913069	0.07291919641183614	7.0			5.0			5.0	0.011595251055025188	0.05687581252202869	5.0	2.940286364940463	0.12648181022565622	5.0	0.856500688364027	0.06985277809083122	5.0			5.0			5.0	0.44500253056714445	0.12571444169322132	5.0	2.1133692096827668	0.11068099492914045	5.5			5.0			5.0	4.224121590477558	0.05888523293348861	4.5	0.17823468387367555	0.104335982825038	5.0	2.6757227291220214	0.25687344633284126	4.5			5.0			5.0	5.387664961401293	0.17864565356314932	5.0	0.3443122076264303	0.25531498824952303	5.0
10016186	3.92792643507394			5.0	1.014572159076827	0.061130709760359773	5.0	1.864877869833926	0.0719275949358583	6.0	4.9917767638411705	0.07054726777240111	6.0			5.0			5.0	1.2963587772828735	0.10339961851148617	5.5	1.7683103994262357	0.09069666939551829	5.0	5.197122545999472	0.08896606311128664	5.0			5.0	2.5156039655441216	0.045688537951377416	4.5			5.0			5.0			5.0	0.12326208926193495	0.037078207411095444	5.0	3.152872184799863	0.07206626417317054	4.5			5.0			5.0			5.0	0.2434469915128529	0.07162903621700352	5.0	2.7005255051098924	0.060336502642465505	6.0			5.0			5.0			5.0	0.1423665864155681	0.03997344789034159	5.0	3.0688880143966952	0.10940465653287645	4.5			5.0			5.0			5.0	0.006199333130622535	0.11624890716495388	5.0
10016374	5.50325569707072			5.0			5.0			5.0			5.0			5.0			5.0	0.6414707788049613	0.0	5.0			5.0			5.0			5.0	1.483721785317011	0.047072361835624875	6.0			5.0			5.0			5.0	0.0019448552787302423	0.041845969901209173	5.0	1.8271155427671268	0.062484245880283416	6.5			5.0			5.0			5.0	0.02641999484263803	0.04810644410340955	5.0	1.534335941048603	0.05490485147515706	4.5	0.47094818046068254	0.06251695040836916	4.5	1.1369514176207056	0.06001835676524765	5.0	3.6133470362716453	0.06202933438029445	5.0	0.014539109245464582	0.05750214857667188	5.0	2.0802007905308244	0.0989329824608574	5.0	0.662357652798734	0.13156643319840394	5.0	1.340229002245573	0.13325603041451953	5.0	4.4265189283788215	0.13071333810640082	5.0	0.27172929114838335	0.09328664080643202	5.0
10035295	3.58892350772953	5.286372962827385	0.07327485317370273	6.5	1.6993934021662014	0.08464526879429868	4.5	3.1817519290303364	0.08132827377589866	4.5	9.681698203711505	0.08919275827144275	6.0	0.042251163134506685	0.06648663266911192	5.0	5.893237707219573	0.10191050275895094	6.0	1.6865198056618322	0.09502352407101647	4.5	3.2079846063102453	0.11182522684791882	6.5	9.325693650776195	0.10013414608022801	5.0	0.10790435898858695	0.09246671295479965	5.0	4.942687134365403	0.05148545243640087	6.5			5.0			5.0			5.0	0.12499838078633572	0.03618483811649366	5.0	5.54810563966619	0.056299979621241544	4.5			5.0			5.0			5.0	0.31965743505199906	0.055958406135998666	4.5	5.151606663089529	0.07413512447575749	5.5			5.0			5.0			5.0	0.033713751100219166	0.06892654435515426	5.0	5.743775405436027	0.1372415134079676	4.5			5.0			5.0			5.0	0.009532423547361814	0.1364088654679375	5.0
10056849	5.8142066790736			5.0			5.0			5.0			5.0			5.0			5.0			5.0			5.0			5.0			5.0	1.165407515131083	0.05052554114185816	4.5	0.4457531983284993	0.056647258636702266	5.0	0.3701013651957987	0.06084398841268455	5.5	1.418384273887018	0.05337679177554658	5.0	0.14000160205079973	0.043485140091853794	5.0	1.4685701077459896	0.07933509333943428	4.5	0.5181690260168298	0.11567014094696695	5.0	0.4359038656089926	0.11114355665849465	5.0	1.736055265469509	0.12189119382740629	6.0	0.17994875426197707	0.06828936384890381	5.0			5.0	0.379131827127823	0.06759224576752235	5.0	0.6523130018316411	0.06465992576842951	5.0	1.6736734672210911	0.07252247321503129	6.5			5.0			5.0	0.5388947296106673	0.11990846116394528	5.0	0.9578347583115168	0.11521601632109495	5.0	2.0997339575419587	0.13841766489113935	7.0			5.0
