ID	redshift	Flux (Ha 6563) MAST G395H	F_err(Ha 6563) MAST G395H	Optimal dline (Ha 6563) MAST G395H	Flux (Hb 4861) MAST G395H	F_err(Hb 4861) MAST G395H	Optimal dline (Hb 4861) MAST G395H	Flux ([OIII]4959) MAST G395H	F_err([OIII]4959) MAST G395H	Optimal dline ([OIII]4959) MAST G395H	Flux ([OIII]5007) MAST G395H	F_err([OIII]5007) MAST G395H	Optimal dline ([OIII]5007) MAST G395H	Flux ([NII]6583) MAST G395H	F_err([NII]6583) MAST G395H	Optimal dline ([NII]6583) MAST G395H	Flux (Ha 6563) JADES G395H	F_err(Ha 6563) JADES G395H	Optimal dline (Ha 6563) JADES G395H	Flux (Hb 4861) JADES G395H	F_err(Hb 4861) JADES G395H	Optimal dline (Hb 4861) JADES G395H	Flux ([OIII]4959) JADES G395H	F_err([OIII]4959) JADES G395H	Optimal dline ([OIII]4959) JADES G395H	Flux ([OIII]5007) JADES G395H	F_err([OIII]5007) JADES G395H	Optimal dline ([OIII]5007) JADES G395H	Flux ([NII]6583) JADES G395H	F_err([NII]6583) JADES G395H	Optimal dline ([NII]6583) JADES G395H
3184	3.46762	7.149558783687318	0.1447676470041716	5.0			5.0			5.0			5.0	0.3057621906272714	0.15540913035649492	5.0	6.125878699129704	0.1428141295290281	5.5			5.0			5.0			5.0	0.06708600567448054	0.13277988922176	5.0
3334	6.70593																0.4089138172424748	0.15519762439050802	5.0	0.4006554369672259	0.045439938151083166	5.5			5.0			5.0	0.23472774938380975	0.1542560362438814	5.0
3968	5.76847043540196	0.3981163636715354	0.08241255641057268	5.0	0.2482433274411986	0.08905185387373005	5.0	0.2568883659044384	0.0855141058182266	5.0	0.7701052561987628	0.08447124317454882	5.0	0.29600111604197266	0.11012399086335987	8.5	0.40135155746638157	0.12996215603608496	5.0	0.08675718880796156	0.11132411464615023	5.0	0.1854128296258132	0.10696760583444627	5.0	0.8936325655417245	0.10492652966154671	5.0	0.07562695584776204	0.12917367215231076	5.0
4197	3.748809	0.058390599911349095	0.057655888094596694	5.0			5.0			5.0			5.0	0.11021066661187834	0.05670771348646279	5.0	0.3423789383656516	0.11000124654206522	4.5			5.0			5.0			5.0	0.18655786521102863	0.10933386603117184	5.0
4270	4.02261238702772	9.817199851686558	0.07957156408226848	5.0			5.0			5.0			5.0	0.23896725987381717	0.079080041714885	5.0	12.551858152996072	0.1328250563768652	5.5			5.0			5.0			5.0	0.765572046478088	0.1814430398011934	11.0
4282	3.599695	0.37763490232104574	0.07363017839972724	5.0			5.0			5.0			5.0	0.025029997988306435	0.07904255094204303	5.0	0.6475636705296245	0.20709359896158774	5.0			5.0			5.0			5.0	0.5931405303354572	0.2910976984282619	9.5
4297	6.712776	1.0909013460248254	0.1443211979384222	5.0			5.0	0.6994409592545687	0.09585926636524802	5.0	2.3611667940500456	0.08998115551672252	5.0	0.2560249215345651	0.13793663255699393	5.0	1.4377535091415927	0.29958322613894295	5.0			5.0	1.1052913615336226	0.1452688221960745	5.0	2.9490169489999047	0.14249691074362358	5.0	0.4230476812014448	0.3110060747858748	5.0
4404	5.763688	2.224163281506453	0.08534149609192701	5.0	0.9639187712026939	0.07814927836846242	5.0	1.515692623559147	0.07474444280965896	5.0	4.565258145997973	0.07329244415711746	5.0	0.03303488113343316	0.08481464933665353	5.0	2.5507540412310195	0.1900266111030047	5.0	1.1043002349036175	0.13934629204293883	5.0	1.8496949245877734	0.14042834738169313	5.0	5.226782609718776	0.1313383258582209	5.0	0.15202531439930667	0.18887371456057536	5.0
5329	3.5873007444784	0.9338134759213101	0.08189246951829561	5.0			5.0			5.0			5.0	0.24512714650529152	0.08139358377569529	5.0	1.0290432195301777	0.1252952407644316	5.0			5.0			5.0			5.0	0.054882461650700695	0.13451325069663866	5.0
5457	4.8631511339788																		5.0			5.0	0.9793968865058554	0.17402700991824116	5.5	1.69122584683911	0.16194626895064312	5.0			5.0
5759	5.05189382127941	1.1501956209483466	0.14314818087946735	4.5	0.2982609401808707	0.20712505673960663	5.0	1.093624924571097	0.18754922311892777	4.5	2.7463477160043888	0.1839381151171567	4.5	0.6321437179146082	0.2132492548902556	11.0	1.2306287453223745	0.20117564802070192	7.0	0.12757653305253697	0.17849813679986395	5.0	0.7983989407722073	0.17151286942711583	5.0	2.378159967596174	0.18599652676476655	6.0	0.36625506098335153	0.22865741624835872	9.0
6002	5.93685818347379	0.8579057625423234	0.042502188388979074	5.0	0.3057280347356788	0.03914534403058513	5.0	0.48191831020917214	0.03583662137541971	5.0	1.5453078589396363	0.03513795525899304	5.0	0.007228193805695131	0.04406015956213937	5.0	1.1278378760343741	0.0929335257827061	5.0	0.4078379788310535	0.06133968719571135	5.0	0.5965553331854281	0.058939246926096804	5.0	1.7743243762268568	0.055124069769028984	5.0	0.07352011709751166	0.09236969559109726	5.0
6246	5.56159788939357	0.5852249603028375	0.07361435872782876	5.0	0.14478747289286747	0.08616298894010267	5.0	0.5701479990524433	0.08273571679379159	5.0	0.8717834073507142	0.08147749698488276	5.0	0.08562511729291462	0.0771053411910581	5.0	0.8462406583395675	0.057800525730969575	4.5	0.3659125089625819	0.05990721484867921	5.0	0.487166732654306	0.05756283232020724	5.0	1.2847425084880086	0.056464461233209126	5.0	0.12945373409041158	0.06055745738365271	5.0
6384	5.61541238216689	0.4005816909961647	0.11085902484788702	5.0	0.09933450058699615	0.08080945161315202	5.0	0.30103211366256327	0.07759236479960545	5.0	0.43496045840796704	0.07608496452402438	5.0	0.024649379861913984	0.11669484056385027	5.0	0.16984702110093497	0.3879879973392786	5.0	0.2673118374276736	0.24662217820422147	5.0	0.14616186604373416	0.23697097463596542	5.0	0.46997394478847443	0.2324492710208195	5.0	0.19045915918222509	0.38563406376095805	5.0
7507	4.04428024657048																2.5092150432501046	0.14924995277551156	5.0			5.0			5.0			5.0	0.1341874402481997	0.14834444931201538	5.0
7624	4.845	0.11500610861183416	0.07953909871941278	5.0			5.0	0.09180656086803764	0.11024569339881433	5.0	0.30226738412394005	0.1445817547861126	9.0	0.07941680528872469	0.07452025151362783	5.0	0.23869523416679486	0.16376866933028725	5.0			5.0	0.02225592348620112	0.21628593450056108	5.0	0.8622647328046789	0.21215892741267778	5.0	0.012769806163975857	0.16277508042434158	5.0
7762	4.14863310108243	3.2369121127838842	0.03923587877903506	4.5			5.0			5.0			5.0	0.11744591621571432	0.038996851288280676	4.5	3.7165609331840903	0.07421522018250183	5.0			5.0			5.0			5.0	0.280101627522132	0.07823954926106955	5.5
7809	3.57819206358422	3.805220667204183	0.18962270793509908	5.5			5.0			5.0			5.0	0.2166890285864118	0.1762786050408848	5.0	4.753397362054512	0.3088923646863199	5.5			5.0			5.0			5.0	0.9733348890479424	0.43418945285175664	11.5
7892	4.22872754610498	2.502216699684451	0.019664972993565306	5.0			5.0			5.0			5.0	0.0502225492417123	0.013819646247765903	6.5	2.8801061139736923	0.030018513129555183	5.0			5.0			5.0			5.0	0.04603117768233576	0.021097513699288282	5.5
7938	4.80631123887867	2.4636070538840684	0.048274944093461634	4.5			5.0	0.8936805978466746	0.03032053670943262	5.0	6.7539869546204265	0.04205501096245533	4.5	0.022863840355565018	0.050881283135336165	5.0	3.3614285814732376	0.0972896599996737	5.0			5.0	2.7510811298280884	0.13808560407852988	5.0	7.742146509266282	0.13545075744337018	5.0	0.09946841896277334	0.10256520330219132	5.0
8013	8.47315			5.0	0.09493404734158521	0.08477438847031844	5.0	0.40146709330877534	0.08125378853680547	5.0	0.821579962043472	0.08208656526877152	5.0			5.0			5.0	0.24487408692573934	0.18865559643375554	5.0	0.6926337107909162	0.17512619302196028	5.0	1.2059963213668494	0.1778139183763604	5.0			5.0
8079	7.258982			5.0	0.0988778764505558	0.05835836047715805	5.0	0.09446424128564448	0.05828440954547224	5.0	0.002913138569329569	0.05488968126338131	5.0			5.0			5.0	0.10804177755905436	0.1256163034924787	5.0	0.15813237269353753	0.1256290535598997	5.0	0.030387990228534785	0.11839737361734068	5.0			5.0
8083	4.6487198664651																9.211074891236725	0.10823221859783458	5.0			5.0			5.0			5.0	0.6414169811741921	0.11892926834706863	6.0
8113	4.90277103561231	1.4689024517728302	0.06145852158713354	5.0			5.0	1.187298965258403	0.10112425811806566	4.5	3.8317412515511333	0.09917071050070721	4.5	0.18595650178967424	0.10380915308694301	14.5	1.5657404652908953	0.13628660766753437	5.0	0.21716372900074965	0.053447430748793844	5.0	1.1487310179557797	0.10894219358895393	5.0	4.074291697827218	0.10686343980341007	5.0	0.046671527692482666	0.12771268005555736	5.0
9422	5.935895	4.176010782519154	0.053265680662037906	4.5	1.6434838673828769	0.02085021530167283	5.0	3.1330394740735974	0.02099328267192209	5.0	9.29482762618837	0.019626637136021693	4.5	0.04636482145583448	0.05259241297919892	5.0	5.46377215284496	0.08505297125361069	4.5	1.9354122296644942	0.0317976611995541	5.0	4.059619132548715	0.029131433817871404	4.5	10.796394555541903	0.02857556949816259	4.5	0.09981126286253507	0.08453695259748624	5.0
9452	5.12243857379367	1.5920378044547294	0.13708592293610902	5.0	0.8822093238222601	0.23418988496093932	5.0	1.4116751870213649	0.23703984369327752	5.0	3.509077519124156	0.22051583785452944	5.0	0.1278424812901083	0.12924468975189835	5.0	1.798409399947464	0.4127663089580999	5.0	1.6690957837220457	0.5331592737813685	5.0	0.38001797869595766	0.48600557154342805	5.0	3.2213641634788988	0.5270470291667199	5.5	0.37458171441565374	0.38920874963009566	5.0
9743	5.44012039584156	1.3967902894482267	0.11856166492969135	5.0	0.3836149848989299	0.1279115882831944	5.0	0.6779184926156777	0.12281059969010101	5.0	1.8972257272373714	0.12042682953007466	5.0	0.05481523514802997	0.11781278505494945	5.0	5.183489198237835	0.5858823414321505	9.5	1.631628799968988	0.38761711306872176	7.5	1.6291330716823387	0.30410274384017233	5.0	3.4483820020568134	0.2983000818124541	5.0	0.6018843247308014	0.4224649724024453	5.0
16625	6.630648			5.0	0.3085161426064247	0.042244976287280904	5.0	0.5508232134659213	0.038621345995685334	5.0	1.5719442835533357	0.03972266869198557	5.0			5.0			5.0	0.4319961388081318	0.10153272175946172	5.0	1.3119385366994039	0.10189745434289338	5.0	2.534503817737008	0.09995312302392056	5.0			5.0
16745	5.56655234405774	2.136155133945955	0.05794789966505754	4.5	0.6853565760768447	0.05708506187806061	4.5	1.8392533049156434	0.05776408636105566	5.0	4.9894513813447094	0.053728060664575354	4.5	0.15173015614468446	0.06044386264498208	5.0	2.1102508198352363	0.0968579760380938	4.5	0.7352952411126704	0.12927362828469807	5.0	1.4905757653939882	0.11784040283949222	5.0	4.390092494359483	0.12184451891471221	5.0	0.05270252420335013	0.10147784439706514	5.0
17072	4.70200977971638	0.37128131325975977	0.03605804464094146	5.0			5.0			5.0			5.0	0.013128453161389997	0.03583199506567448	5.0	0.373217500400799	0.06997011677938496	4.5			5.0			5.0			5.0	0.05463774887074101	0.07376425462457777	5.0
17260	4.88512714601353																0.48522228368156384	0.07246682105001703	5.0			5.0	0.07172345579862137	0.08900736793238617	5.0	0.18535916475016911	0.1333666937907302	12.0	0.06573165943113896	0.07202716290453051	5.0
17566	6.101534																		5.0	0.3854000710823236	0.23270157526917248	5.0	0.5498106911883197	0.22359513443755435	5.0	3.128743141999102	0.21932865864125156	5.0			5.0
17777	4.13366013096712	0.6890219618399572	0.05060445630730045	5.0			5.0			5.0			5.0	0.0754788621326274	0.05029067038342994	5.0	0.7540688969630727	0.107186131092775	4.5			5.0			5.0			5.0	0.40379795148952163	0.14518386365281727	8.0
18028	3.73094591607022	0.43682535878663475	0.08934374906315898	5.0			5.0			5.0			5.0	0.13098335413770676	0.08877918021595337	5.0	0.9338175618721871	0.20934191443784156	5.0			5.0			5.0			5.0	0.07519611944699336	0.22243814430253994	5.0
18090	4.77562372049334																4.935756624885	0.11791802908382572	4.5			5.0			5.0	12.882534357101479	0.11100980862079098	5.0	0.23370565805324534	0.12431214813592537	5.0
18846	6.335054																		5.0	0.8850737317972378	0.10500335473317907	5.0	1.9043664271047969	0.10089419975260137	5.0	5.836707059577878	0.09896901179039196	5.0			5.0
18970	3.72458828704365	5.021445905820577	0.09040121379077926	4.5			5.0			5.0			5.0	0.7751134903792122	0.08984358556774823	5.0	10.586024161790101	0.2835541883673054	4.5			5.0			5.0			5.0	0.9908118801689089	0.28183385750702467	5.0
18976	6.327052			5.0	0.5902508296717742	0.08121906750616555	5.0	0.3501740350868639	0.0906963299752481	6.5	1.6956637886323565	0.07977754247625769	5.0			5.0			5.0	0.6089927520268081	0.11423865433434832	5.0	0.295589699531245	0.10976808921170807	5.0	1.6416280402733292	0.10767357630111182	5.0			5.0
19342	5.974287																		5.0	0.1397057331144277	0.1350172526970878	5.0	0.169244025984549	0.13606569207040414	5.0	1.8705190144532167	0.12725806816398275	5.0			5.0
19519	3.60450973158305	3.415000154293311	0.07712063980128286	12.5			5.0			5.0			5.0	0.18347806264320055	0.059910967547779755	8.0	3.65348255925083	0.08267106171085194	5.0			5.0			5.0			5.0	0.29128269970529913	0.08875319749915501	5.0
19606	5.88913558713673			5.0	0.4677565908296389	0.06321121119441782	5.0	0.673749484323619	0.0606533471222559	5.0	2.0016556876251226	0.0594595420204654	5.0			5.0			5.0	0.4493610328209023	0.10647126002728576	5.0	0.8142600005613863	0.09754366667174995	5.0	2.7884527275514976	0.09568241108591397	5.0			5.0
20961	7.04457065169479			5.0	0.14481611705659136	0.09428292277533316	5.0	0.17551864378123355	0.0904227717642914	5.0	0.6808235125727051	0.0886104120802912	5.0			5.0			5.0	0.5798427291098441	0.20153641084123305	5.0	0.28608289402922954	0.19364957381132525	5.0	1.2426034815023503	0.18995449689602234	5.0			5.0
22251	5.79838391626917			5.0	1.6934773221661596	0.10863907199363058	5.0	3.270996805880251	0.09940053300356552	5.0	9.527480172235103	0.09701750283085986	5.0			5.0			5.0	0.7745731549349288	0.19338098087925742	5.0	2.212390140652392	0.18581329484919756	5.0	6.814371083767043	0.19116402261359589	5.0			5.0
10000626	4.46468607001795	0.4844154527521859	0.033708550933509336	4.5			5.0			5.0			5.0	0.05973299112747349	0.03349884624585074	5.0	0.5072393737184233	0.0564398504086446	5.0			5.0			5.0			5.0	0.053934178652879354	0.05609742832359203	5.0
10001587	3.43070237834676	0.35491677880358713	0.07094559795232118	5.0			5.0			5.0			5.0	0.001777310659513138	0.07050446661366441	5.0	0.3705006754355756	0.11383067661597379	5.0			5.0			5.0			5.0	0.04792333345561449	0.11314006285016076	5.0
10001892	4.770522	0.2327252789192472	0.03511608727582756	5.0			5.0			5.0	0.06792318012183252	0.042989616432988126	6.0	0.013774500028483776	0.034898181172214916	5.0	0.28708821514776406	0.07394419041568613	5.0			5.0			5.0	0.08220042464844121	0.06689370406783354	6.0	0.029033060591220707	0.06929228699830078	5.0
10005113	5.820838	0.5791398770340027	0.05506494214089829	5.0	0.23537792460042833	0.06343344205873523	5.0			5.0			5.0	0.010807418005220752	0.0547110143809439	5.0	0.8613315389937168	0.13972283543901065	5.0	0.45938975136306315	0.14606108339387033	5.0			5.0			5.0	0.35936287290287056	0.13241224413196365	5.0
10005217	4.8883230178694	2.6361556337437384	0.0385327694008556	5.0			5.0	1.00060275633529	0.0685178558261371	5.0	2.954444166790416	0.0671784517839917	5.0	0.0216796918855094	0.03806531101166578	5.0	3.5460006429125968	0.08355268563048208	5.5			5.0	1.0902732738464673	0.14625068751386966	5.0	3.929708404160332	0.1434600408388546	5.0	0.03422842483777002	0.07878413425883767	5.0
10005447	6.62257640301802			5.0	0.045491326833285106	0.0815572963542549	5.0	0.2139580487784732	0.07823097518579553	5.0	0.70183022631566	0.07308441640544672	5.0			5.0			5.0	0.16347839927450714	0.13833110127731635	5.0	0.41006867424507376	0.13882802344256476	5.0	0.7025319168190578	0.13617901051410294	5.0			5.0
10009506	3.59928686455817	4.6267089853646	0.07018823258455774	5.0			5.0			5.0			5.0	0.17651843177471802	0.07457302832443453	5.5	6.243760241769817	0.10602151754870379	5.5			5.0			5.0			5.0	0.34208153653010476	0.09857235696266907	5.0
10009693	6.28599376348805	0.542296175405558	0.13254773674604042	5.0	0.2558725322658993	0.10324062776553718	5.0	0.09470728635917242	0.09910250671698438	5.0	0.7410715161336809	0.09715795433532462	5.0	0.05201662193707158	0.1310133114693325	5.0	0.3057553289400356	0.22339308266894264	5.0	0.12279922286865255	0.16315079992104833	5.0	0.406924501140187	0.17685604481438577	6.0	0.6369570466290293	0.15377483397580027	5.0	0.2114964355249906	0.2220377508492542	5.0
10009848	4.37	0.13089143260654781	0.06878421466732583	4.5			5.0			5.0			5.0	0.11531632178271896	0.06835309299091238	5.0	0.30551466847407643	0.2379300058286816	5.0			5.0			5.0			5.0	0.3036210930436769	0.2229615897708505	5.0
10013545	4.03498294164463	2.707413253009671	0.06381705169221767	5.0			5.0			5.0			5.0	0.2800796486664088	0.05984163643985359	5.0	4.821465050049676	0.13362783127810254	5.0			5.0			5.0			5.0	0.7296340175061415	0.13281710764440394	5.0
10013609	6.928894			5.0	0.6051510770879329	0.08268626714290181	4.5	1.2658667573913374	0.08283896550313061	5.0	2.833178742243801	0.07772744367603031	4.5			5.0			5.0	0.8457768742931333	0.22648734827961947	6.0	1.1729306128833477	0.18636213865917692	4.5	3.1870139007309475	0.18280611515291978	4.5			5.0
10013618	5.94372301071691			5.0	0.3126407850591578	0.03996010824120966	5.0	0.4954206057829145	0.038478857257814546	5.0	1.3335062129574686	0.03956388678150801	5.0			5.0			5.0	0.3665433413971067	0.11191584448510196	5.0	0.618465042596756	0.10253172383743732	5.0	1.6138653867471768	0.10057528986043682	5.0			5.0
10013620	5.91753186734937			5.0	0.3227838647842404	0.07249875709921111	5.0	0.5567598267692738	0.06981382357358293	5.0	1.9159055297384038	0.06844118274227207	5.0			5.0			5.0	0.22141475338565383	0.15813547216363583	5.0	0.4470961059521705	0.15194706832937185	5.0	2.6253627333255145	0.16327360505781438	5.5			5.0
10013704	5.919825	2.6059219233948485	0.06643579439504434	4.5	0.8074874194734258	0.041000988010631643	5.0	1.458426622192045	0.03937012776269972	5.0	4.429746482683378	0.036623194745086074	4.5	0.5021788136093672	0.07622227898443684	5.5	2.9543771319150354	0.11441325178240533	4.5	1.0059706790550116	0.07852247590949	5.0	1.7689033147485886	0.07544961196351144	5.0	5.028938616646546	0.07400993867144438	4.5	0.44770191012338323	0.11371910351754877	5.0
10013905	7.197212																		5.0	0.25369955007088096	0.14138816029377435	5.0	0.5721637656553124	0.14140251120621503	5.0	2.080519556873051	0.13326285182692452	5.0			5.0
10015338	5.07627227996806	2.1133692096827668	0.11068099492914045	5.5			5.0			5.0	4.224121590477558	0.05888523293348861	4.5	0.17823468387367555	0.104335982825038	5.0	2.6757227291220214	0.25687344633284126	4.5			5.0			5.0	5.387664961401293	0.17864565356314932	5.0	0.3443122076264303	0.25531498824952303	5.0
10016186	3.92792643507394	2.7005255051098924	0.060336502642465505	6.0			5.0			5.0			5.0	0.3077903707463384	0.059965745472064624	6.0	3.0688880143966952	0.10940465653287645	4.5			5.0			5.0			5.0	0.006199333130622535	0.11624890716495388	5.0
10016374	5.50325569707072	1.534335941048603	0.05490485147515706	4.5	0.47094818046068254	0.06251695040836916	4.5	1.1369514176207056	0.06001835676524765	5.0	3.6133470362716453	0.06202933438029445	5.0	0.014539109245464582	0.05750214857667188	5.0	2.0802007905308244	0.0989329824608574	5.0	0.662357652798734	0.13156643319840394	5.0	1.340229002245573	0.13325603041451953	5.0	4.4265189283788215	0.13071333810640082	5.0	0.27172929114838335	0.09328664080643202	5.0
10035295	3.58892350772953	5.151606663089529	0.07413512447575749	5.5			5.0			5.0			5.0	0.033713751100219166	0.06892654435515426	5.0	5.743775405436027	0.1372415134079676	4.5			5.0			5.0			5.0	0.009532423547361814	0.1364088654679375	5.0
10056849	5.8142066790736			5.0	0.379131827127823	0.06759224576752235	5.0	0.6523130018316411	0.06465992576842951	5.0	1.6736734672210911	0.07252247321503129	6.5			5.0			5.0	0.5388947296106673	0.11990846116394528	5.0	0.9578347583115168	0.11521601632109495	5.0	2.0997339575419587	0.13841766489113935	7.0			5.0
