ID	redshift	Flux (Ha 6563) MAST	F_err(Ha 6563) MAST	Flux (Ha 6563) JADES	F_err(Ha 6563) JADES	Flux (Hb 4861) MAST	F_err(Hb 4861) MAST	Flux (Hb 4861) JADES	F_err(Hb 4861) JADES	Flux ([OIII]4959) MAST	F_err([OIII]4959) MAST	Flux ([OIII]4959) JADES	F_err([OIII]4959) JADES	Flux ([OIII]5007) MAST	F_err([OIII]5007) MAST	Flux ([OIII]5007) JADES	F_err([OIII]5007) JADES	Flux ([NII]6583) MAST	F_err([NII]6583) MAST	Flux ([NII]6583) JADES	F_err([NII]6583) JADES	Optimal dline (Ha) MAST	Optimal dline (Ha) JADES	Optimal dline (Hb) MAST	Optimal dline (Hb) JADES	Optimal dline ([OIII]5007) MAST	Optimal dline ([OIII]4959) MAST	Optimal dline ([OIII]4959) JADES	Optimal dline ([OIII]5007) JADES	Optimal dline ([NII]6583) MAST	Optimal dline ([NII]6583) JADES
3184	3.46762	6.460294953944474	0.20893989656493017	5.740484078438267	0.13905318886681128													0.25081304812719524	0.6774060518513675	0.12433784962625705	0.584078718773865	6.0	6.5	5.0	5.0	5.0	5.0	5.0	5.0	5.0	5.0
3334	6.70593	0.3397157973645652	0.08892372682239945	0.3844003749445763	0.08911572026076385	0.014340392623493545	0.053347711804972185	0.2600682546494495	0.06029264860599841	0.14881131266787476	0.048298541529968986	0.4072787112814163	0.05768948204314248	0.5248859975472312	0.047376944738729845	1.2784911838613637	0.05061446690340635	0.03751240461979517	0.09945549410897	0.04651034102563659	0.12097090056783169	5.0	5.0	5.0	5.5	5.0	5.0	5.0	5.0	5.0	5.0
3968	5.76847043540196	0.2422829972912097	0.04233260092674107	0.21636910341011725	0.06117628861113818	0.14192357847330214	0.0675125035963973	0.021752476109368927	0.0630681505198902	0.21038226923507816	0.0613895287011499	0.28582665505124555	0.06261905523920487	0.6976414372828157	0.07688321947464484	0.811540772630919	0.0792983077671566	0.055255787334401056	0.0716397674172201	0.03923917638994539	0.08066009739591404	5.0	5.0	5.0	5.0	5.5	5.0	5.0	5.5	5.0	5.0
4197	3.748809	0.1412053884424704	0.04809680324833034	0.09746860039750903	0.07093180364945939													0.14471610656173675	0.05171687921680569	0.1399335159791297	0.06813116429150409	5.0	5.0	5.0	5.0	5.0	5.0	5.0	5.0	6.0	5.0
4270	4.02261238702772	11.897098238939511	0.26874906284081523	11.754477664745101	0.25853907865993353													4.584203669872212	1.9704750620836444	0.379613992316377	1.31131067920839	7.5	6.0	5.0	5.0	5.0	5.0	5.0	5.0	13.0	5.0
4282	3.599695	0.25976302338185575	0.06556241041883945	1.225997129876432	0.16607240504291357													0.03342492757320352	0.06780862148145009	0.20629482500676888	0.2737948702748331	5.0	4.5	5.0	5.0	5.0	5.0	5.0	5.0	5.0	5.0
4297	6.712776	1.2570734992697308	0.09737368948576801	1.6256195347689062	0.12711710000093407	0.4024890872035437	0.0652257789542885	0.5119405335263134	2.2131522724969215	0.6537767874933159	0.05657714573487154	0.9179949092093196	0.20118464845370715	2.2590801683084223	0.05549610777602739	2.828103027002481	0.1973457928570746	0.05953251026036148	0.18312333130975225	0.08913010308181309	0.23960801613483146	5.0	5.5	5.0	5.0	6.0	5.0	5.0	5.0	5.0	5.0
4404	5.763688	2.265148697274586	0.04148334291913656	3.0135099275015516	0.07932281583833659	0.8372153057713538	0.04527132119596994	0.906443752312814	0.11366340598970728	1.6054624955203376	0.05782402322768042	1.8140343015643094	0.0971775526154695	4.497814381756294	0.05671691630302329	5.0726813936248245	0.09532328294534032	0.10682226631359117	0.2869429339107627	0.06628823038513053	0.37710466046530916	5.0	6.0	5.0	5.0	5.0	4.5	5.0	5.0	5.0	5.0
5329	3.5873007444784	0.8026205925193148	0.050958209034245854	1.0328076453224635	0.09480633419063178													0.3431655072006457	0.12410399634252367	0.09597382019949097	0.14360876265796854	4.5	5.5	5.0	5.0	5.0	5.0	5.0	5.0	5.0	5.0
5457	4.8631511339788			0.9020243639625377	0.05749959228357191							0.4446786695855167	0.1181694865155773			1.413510929180551	0.11591466439995601			0.11734491625812961	0.11838424934341141		7.5		5.0			5.0	4.5		5.0
5759	5.05189382127941	1.2886922429851553	0.08107738539885752	1.3814146270854117	0.11348851309597305	0.4393839766655531	0.09986001391712836	0.39010026002748405	0.12874537228363406	0.8887490399530298	0.11191197152151702	1.017257208199082	0.08940289294798442	2.6151386428870045	0.1417171545581249	2.04415818961093	0.10126374256339116	0.03325067745762357	0.19663555042186448	0.06608366191193549	0.2062911484511157	5.5	7.0	5.0	5.0	6.5	5.0	5.0	5.5	5.0	5.0
6002	5.93685818347379	0.8685578619738088	0.03903666127443583	0.9901732422737576	0.048103583830587895	0.24925344280507108	0.025480651368903373	0.32051978168866885	0.032606089195746195	0.4999722657319814	0.026580176956342013	0.6426280803348513	0.037822718653725024	1.4613302451334436	0.02914952932337581	1.6796822386644785	0.04148019434600642	0.03610157297936284	0.12052707612593205	0.02127566884422668	0.14968391919150065	6.0	5.0	5.0	5.0	6.0	5.0	5.0	5.5	5.0	5.0
6246	5.56159788939357	0.5847680542358362	0.053148005239100654	0.7235773436964954	0.03810119220023702	0.373870399514328	0.05875335584345067	0.35955643375988444	0.033350911363871936	0.39805419765722155	0.07567876792039537	0.3281592665949522	0.043605068186162534	0.886605194415007	0.06428915513391649	1.140354369442708	0.042773028757038235	0.02400923471988319	0.10950361923834556	0.000895176821121008	0.1055593366826757	4.5	5.5	5.0	5.5	5.0	4.5	5.0	4.5	5.0	5.0
6384	5.61541238216689	0.20415784426076652	0.05256307552339183	0.5537365544375329	0.10179272073049359	0.28380446558751565	0.055035713359425566	0.9029347207643239	0.16016986449740012	0.18794854161517424	0.04908696106135279	0.6059334800494042	0.11803588756517022	0.43704176166751785	0.048149522853769174	0.8637490734680551	0.11578361468517803	0.041609166768955694	0.07251443990873636	0.15279068780166394	0.11797869891601058	4.5	5.0	5.0	7.0	5.0	5.0	5.0	5.0	5.0	5.0
7507	4.04428024657048	2.15347931222943	0.07381551943739428	2.3790220709127463	0.11426545433525484													0.1179126583198439	0.3225820224603229	0.29320967725301866	0.32496181416625597	5.5	6.0	5.0	5.0	5.0	5.0	5.0	5.0	5.0	5.0
7624	4.845	0.21524361756907354	0.03655255604312975	0.46137630587518685	0.07601231206012168					0.28289358013064747	0.09565358719667476	0.7172267921508431	0.1772315272297826	0.1582988873759978	0.08125777513808397	0.5738046306605813	0.200744373651866	0.05659238168216369	0.04605247716739134	0.1837267361378586	0.12103773508980212	5.0	5.0	5.0	5.0	5.0	5.5	5.0	5.0	5.0	5.0
7762	4.14863310108243	3.059008613409876	0.07832403565427584	3.694590793335421	0.05315050950156754													0.09160009702701176	0.4103003609922192	0.1318094648762234	0.45282943436918804	5.0	5.5	5.0	5.0	5.0	5.0	5.0	5.0	5.0	5.0
7809	3.57819206358422	3.5004338737538676	0.1354800447526385	3.7898685241250427	0.10922096320434867													0.27975447510341456	0.5243262711968718	0.2710297395316543	0.46438379289466897	4.5	8.0	5.0	5.0	5.0	5.0	5.0	5.0	5.0	5.0
7892	4.22872754610498	2.393399828894455	0.033660188474208826	2.6469802308994312	0.05286144733627299													0.09155709867601736	0.277443979375107	0.05284612882272373	0.32253127567242035	5.5	4.5	5.0	5.0	5.0	5.0	5.0	5.0	5.0	5.0
7938	4.80631123887867	2.4780984875232748	0.04735363510234889	3.241210682721002	0.06621900908266265					1.1307600796719404	0.03462227574364479	2.0157360836309017	0.2037106080154079	5.522463000711681	0.033961639268518584	7.378010964139728	0.2234095250577599	0.041856881067688256	0.27859052408622775	0.07306768588987082	0.43875703694039314	6.0	6.5	5.0	5.0	4.5	7.0	6.0	7.5	5.0	5.0
8013	8.47315					0.29943170276517767	0.05117321195031045	0.3200597162770404	0.10125369969926744	0.21930610479783139	0.07027300804731945	0.45048350981296165	0.18218713101524178	0.873130555336841	0.06892659520762852	1.3781766128157424	0.17871077189487997					5.0	5.0	5.0	5.0	5.0	5.0	5.0	5.0	5.0	5.0
8079	7.258982					0.053531135695799086	0.02783470875738825	0.09996532321272845	0.04239050678946358	0.07141140667873962	0.031631466192917033	0.06302989274812894	0.04271244141345826	0.08006318418302281	0.031025422509530557	0.04218545380670587	0.04684275572687354					5.0	5.0	5.0	5.0	5.0	5.0	5.0	5.0	5.0	5.0
8083	4.6487198664651	6.882685781445805	0.23906963718990537	7.429146490845964	0.4452150977529435													0.48690627362449773	0.8092819146875666	0.6185302997796143	0.9585741169913097	4.5	4.5	5.0	5.0	5.0	5.0	5.0	5.0	5.0	5.0
8113	4.90277103561231	1.50070997509397	0.04925229539257455	1.785848901591545	0.06175095577639887					1.2395353878961335	0.07857446639649418	1.1626223524936945	0.05716801209656248	3.894120065979175	0.07707006517818726	3.764914160213515	0.056077174674965556	0.01177167269397126	0.2047071756781455	0.04665005790493577	0.22828654223527642	5.5	6.0	5.0	5.0	6.0	5.5	5.0	4.5	5.0	5.0
9422	5.935895					1.636731919228461	0.03805756008820871	2.0122085686403404	0.039510431378607935	3.0032331542570225	0.03683071278593209	3.836711536288453	0.05724239725763173	8.600456659473696	0.0362868016711448	10.420072296471975	0.05615014047379622					5.0	5.0	5.0	4.5	5.0	4.5	5.0	5.0	5.0	5.0
9452	5.12243857379367	1.2892504002651355	0.08115074754288001	1.6170853137351797	0.2038618801812663	0.9760435505912648	0.14683077102517905	0.24401262721864378	0.383794535348665	0.9904688364761747	0.14369685769490728	0.5342210500008112	0.32926975607341935	3.640082697369178	0.1819672308469007	3.20207934872378	0.2797148395885925	0.1180341856182064	0.15231782823979628	0.20236375211767307	0.38027029782440314	6.0	4.5	4.5	5.0	6.5	5.0	5.0	5.0	5.0	5.0
9743	5.44012039584156	1.589994031140164	0.10357531231863884	2.458099768946839	0.21782612595276343	0.391939465144906	0.07480238046560146	0.8075195274281715	0.15583089156146104	0.5929341276741454	0.0722180058556123	1.02835170443843	0.20074981707160722	1.660497371452914	0.08179627296007486	2.3590909540590563	0.19691925860348006	0.144382033373914	0.2638206572754377	0.2533354752698735	0.4289342381019279	5.0	5.0	5.0	5.5	5.0	5.0	5.0	4.5	5.0	5.0
16625	6.630648	1.239285830250872	0.055590875352699444	1.881366747629852	0.08297702352846209	0.38468445845742266	0.031148491789125578	0.7170493805815538	0.06339522932831555	0.5352104517423425	0.027097735421902316	0.6482464878321798	0.0421219170748001	1.5733646729671944	0.029714129551161386	2.2202292023661014	0.04526179628448605	0.07486039429263956	0.16117234329754365	0.11160461358675271	0.2317370555348379	5.5	5.5	4.5	5.0	5.5	4.5	5.0	6.0	5.0	5.0
16745	5.56655234405774	2.2641282251691557	0.03830050686256259	2.1694869703130295	0.05534205745866369	0.7224768166341623	0.0638001319636898	0.43631210960569894	0.09241259410206157									0.0853079465448417	0.2294152952725452	0.09942900726496244	0.2305174181274244	6.5	6.0	5.5	5.0	5.0	5.0	5.0	5.0	5.0	5.0
17072	4.70200977971638	0.5258357585009059	0.04540509639000263	0.6604888869856645	0.04694715739329628													0.08573992118541555	0.05831066879537113	0.07266195071850001	0.06614276728566348	6.5	10.5	5.0	5.0	5.0	5.0	5.0	5.0	5.0	5.0
17260	4.88512714601353	0.3383567386918954	0.03965637074341885	0.3482635123092935	0.04103090271445769					0.074419629774923	0.04680429258386497	0.008196016464078327	0.060680459886072444	0.2659848734248148	0.04590816235097862	0.22108202250409845	0.05952260055220845	0.03441581384056907	0.05110129276724197	0.0012396406797768073	0.06625280647402393	6.0	5.0	5.0	5.0	4.5	5.0	5.0	5.0	5.0	5.0
17566	6.101534	1.928954227849252	0.13874006410015	1.4559810485902378	0.08896520021392819	0.8179389728622941	0.11134590243866907	0.5998067594127028	0.06805767271110695	1.6796861953980409	0.13291601414962306	1.0625101048824723	0.09063562448410281	4.791611438590089	0.11660630806724735	3.2592766591903066	0.08890618301339759	0.17676116622140206	0.25912448362777496	0.02245784330534116	0.21691876372861144	5.0	4.5	5.0	5.0	5.0	5.5	5.5	5.5	5.0	5.0
17777	4.13366013096712	0.7105645400085547	0.04135400439017472	0.6094302093764552	0.05640433537374029													0.04449191664284916	0.0897001728783685	0.031982499740547524	0.10911062914674911	5.5	5.0	5.0	5.0	5.0	5.0	5.0	5.0	5.0	5.0
18028	3.73094591607022																					5.0	5.0	5.0	5.0	5.0	5.0	5.0	5.0	5.0	5.0
18090	4.77562372049334	3.666693740037747	0.05344931737222868	4.402930610981561	0.09158046924088363									10.394211560303267	0.04074717634157253	12.027489511721615	0.08739623422590839	0.1709835655428597	0.4221232972948965	0.07852599844693468	0.5274742709618746	5.5	4.5	5.0	5.0	6.0	5.0	5.0	6.0	5.0	5.0
18846	6.335054	2.982768614126829	0.07032426694696202	3.6257529303016827	0.07992064810790035	1.1508017376264685	0.04466929639494799	1.0961002764108418	0.054213532917594696	1.9053869816702529	0.03856301459054235	2.0005204392026745	0.06145839751679511	5.41205394642244	0.0378240380192149	5.848629166127357	0.06028569415658654	0.16377492035549018	0.36285085956513835	0.3493378654521712	0.4142552714784947	6.5	6.0	5.0	5.0	4.5	5.0	5.0	5.0	5.0	5.0
18970	3.72458828704365	5.56014944935518	0.07535681970661529	10.747289361636549	0.3151822248481002													0.47831728984623445	0.7079350414369091	1.4289631329752628	1.3067198609154624	6.0	6.0	5.0	5.0	5.0	5.0	5.0	5.0	5.0	5.0
18976	6.327052	1.0027753718546206	0.07700178925865349	1.060032525613564	0.07383193664496207	0.5859455796992891	0.06312458228225419	0.36560232699775636	0.050017862315559006	0.5020284650147351	0.05006655090840314	0.534092787455279	0.05953692763477017	1.80297821419798	0.05490104207839874	1.7594481375207347	0.09233991225237	0.004425881253276771	0.15455723452040307	0.06560898096584175	0.19937100039447356	5.0	5.5	5.0	4.5	5.5	4.5	5.0	12.0	5.0	5.0
19342	5.974287	1.7851975430455964	0.07770076296045642	1.2887135432657832	0.0656136268834914	1.0219652184098755	0.07731984955963941	0.5447229733314102	0.059989189508837214	0.91098585455374	0.08542816365235073	0.5686222009006745	0.060594488661694396	3.045038347315436	0.08379109782720923	1.94372158480123	0.059438269766694196	0.0071867148835038	0.23171268981104998	0.04523494891940115	0.18148971349507442	5.5	5.0	4.5	5.0	4.5	5.0	5.0	4.5	5.0	5.0
19519	3.60450973158305	3.6314833110715194	0.043210021793719036	3.6254144688901664	0.06683855367305398													0.10316349641396155	0.3892217496034418	0.1585731344283047	0.5004337058084152	6.0	5.5	5.0	5.0	5.0	5.0	5.0	5.0	5.0	5.0
19606	5.88913558713673	1.3369900973295668	0.05458952590874577	1.7057341716533534	0.13946025011461188	0.48994632752184425	0.05403367745770727	0.5880048191378463	0.09902502953803104	0.6231744642436821	0.06707481276574527	0.9050266469582134	0.0963403544941575	1.96164543325836	0.07393884726027242	2.808730882583219	0.10565651465635592	0.03473389579249384	0.1804973018482447	0.09291783137893218	0.2991382431469305	5.5	5.0	4.5	5.0	5.5	4.5	5.0	6.0	5.0	5.0
20961	7.04457065169479					0.12689033599248034	0.06458574869540898	0.5099552211214218	0.09144041374385478	0.24079706590438352	0.06546639095130012	0.4721390706334484	0.08716901209678064	0.6066511263474281	0.07179295612502228	0.9990796308294891	0.09559829889086773					5.0	5.0	5.0	8.0	5.0	5.0	5.0	5.0	5.0	5.0
22251	5.79838391626917	3.9961938312804994	0.09392200219033664	3.4435825265697275	0.07331228101273092	1.533265726273562	0.105058816835484	1.1107840765262038	0.07506542141072446	3.2342250769904117	0.0647299419495696	2.3724346017492097	0.05848570886775848	9.452353789572465	0.06348951899556755	6.648846868435063	0.05736972813793815	0.022878394810570205	0.5076373936487282	0.08811277315707058	0.43790181354080904	5.0	6.5	5.5	5.0	4.5	4.5	5.0	4.5	5.0	5.0
10000626	4.46468607001795	0.48971489162249926	0.025627095260966345	0.6588472034092361	0.045278805224561486													0.040123589529249	0.06317807989179725	0.07513916166720402	0.09035299041801986	7.0	7.0	5.0	5.0	5.0	5.0	5.0	5.0	5.0	5.0
10001587	3.43070237834676	0.24738069080635922	0.027330393276897076	0.24058321191031345	0.05893773051860749													0.017195030945026633	0.047343362861163835	0.0720265058334486	0.0783045939915291	6.0	5.0	5.0	5.0	5.0	5.0	5.0	5.0	5.0	5.0
10001892	4.770522	0.12094641867572815	0.025518326086907853	0.20921789107192043	0.030106577059434862									0.15288705201769254	0.016406147967545966	0.15426936930010623	0.03144179032591306	0.019478383370083594	0.027122509922057673	0.0462016662623199	0.045493770788360206	5.0	5.0	5.0	5.0	5.0	5.0	5.0	5.0	5.0	5.0
10005113	5.820838					0.15659437321955483	0.03141467581686054	0.15914407243308049	0.04460190327646947	0.3020327243216247	0.03626136810453842	0.38793003237328294	0.051708581198618535	0.9192363307471927	0.03556803531058456	1.3284234729097246	0.05670882670046318					5.0	5.0	4.5	5.0	5.5	6.0	5.0	6.5	5.0	5.0
10005217	4.8883230178694	2.6788992028323584	0.03586948818904	3.4910272192429597	0.037634718292900084					0.942784318087068	0.04155644635565655	1.1914455832026483	0.06799486781474182	3.101676694830419	0.04706806114433592	4.1050996931596435	0.07701557033540654	0.022351111600787506	0.30013711829621814	0.012704543044063705	0.4548039612412601	5.5	6.5	5.0	5.0	5.0	4.5	5.0	5.0	5.0	5.0
10005447	6.62257640301802	0.23021391906614425	0.08592070985926016	0.25278966386637464	0.1276752867600906	0.002039262806763886	0.058007855219695856	0.1695589303721345	0.08577615885057858	0.07481499073636554	0.05882015449110199	0.14357487989039142	0.07642778653711962	0.32656285070718016	0.051595781421746804	0.5103739761991914	0.07496944844652292	0.07770373620199893	0.10772943692457	0.03535796970768937	0.13844472255897633	5.0	5.0	5.0	5.0	5.0	5.0	5.0	5.0	5.0	5.0
10009506	3.59928686455817	4.424856658000526	0.06323214732276468	5.451180560085199	0.07772026416240495													0.1037369536516731	0.5899832201245265	0.23510024248757844	0.7373843891629146	4.5	5.5	5.0	5.0	5.0	5.0	5.0	5.0	5.0	5.0
10009693	6.28599376348805	0.40204974792275483	0.085389162179732	0.7773699948258374	0.22228313480440773	0.08898098075667892	0.0799636536658618	0.0690842784124594	0.08858237900334193	0.0029640977265738776	0.06400460010261043	0.04291614476172262	0.09127334929644251	0.5300380319921012	0.0627833120013374	0.5007676091036933	0.08953173923591806	0.12817736537513008	0.10063088911814153	0.6961769230838696	0.22273899591928356	5.0	10.5	5.0	5.0	5.0	5.0	5.0	5.0	5.0	10.0
10009848	4.37	0.008646000809085187	0.050032699185744905	0.10296632714992891	0.07251230503420462													0.011926681608721686	0.03986578068114906	0.16608360729981525	0.06919519073532857	5.0	5.0	5.0	5.0	5.0	5.0	5.0	5.0	5.0	5.0
10013545	4.03498294164463	2.6146272694193446	0.06359804410102586	4.907578328468384	0.0822382925602543													0.0852895679010127	0.365845941511181	0.0358289807747633	0.5221227224285615	5.5	7.5	5.0	5.0	5.0	5.0	5.0	5.0	5.0	5.0
10013609	6.928894			2.1572490882355426	0.13026597189021175	0.6921196981313569	0.08866162717224188	0.6252227802850677	0.08124103458823657	0.9224413411304061	0.06534797903412023	1.3201149816170317	0.11781758437024406	2.9305224482274546	0.057328001967044205	3.590190793621995	0.10550001584342794			0.15020117757428958	0.25993880828088317	5.0	5.0	6.0	4.5	4.5	5.0	6.0	5.5	5.0	5.0
10013618	5.94372301071691	0.6852239273613967	0.03872603161019854	0.7469173609928017	0.046951550478997774	0.2831778626723501	0.03326601521582478	0.30528108055908887	0.0469928137866194	0.5057713000556602	0.026910411773025996	0.587013337916177	0.034684843538189965	1.2012219724683737	0.026394292932223035	1.4077737726137716	0.03803888514722948	0.10377061638283515	0.0964914841637187	0.06871776998290205	0.10824876247686312	4.5	4.5	5.0	5.0	4.5	5.0	4.5	5.5	5.0	5.0
10013620	5.91753186734937	1.078396122588457	0.049958584573529835	1.351993947224611	0.10544255822302216	0.34178609125575155	0.0574465857503375	0.5099019754431072	0.0684653208599862	0.7852897867371995	0.04557830339188872	0.9151320658536646	0.06988572645484634	1.8753216325639561	0.04997909386318141	2.2768264070227264	0.06855221908144417	0.1347450231001787	0.14494397734188466	0.14430724234480505	0.20279933678488668	5.0	5.0	4.5	4.5	6.0	5.0	5.0	4.5	5.0	5.0
10013704	5.919825	2.581660502128212	0.11758189616744892	3.2538637754102124	0.14757676672840314	0.9238708926842827	0.03987461809063747	0.966382171971862	0.07275817125516594	1.4035465659663091	0.03442300576922103	1.797719907799847	0.06576397302288757	4.297813184880078	0.033766730579215386	4.8335604552621865	0.05769870551991514	0.4047733146538018	0.2736979362362303	0.5871485464614816	0.33537932439016466	4.5	5.5	7.0	5.5	4.5	5.0	6.0	5.0	5.0	5.0
10013905	7.197212					0.4825443900293407	0.02625044524784424	0.7577364538160732	0.07854607378289903	0.5697801602884223	0.036966421827420985	0.6101304468276365	0.06860045769246098	1.8442135135448205	0.036262262934168336	1.976750305841666	0.06729147486019461					5.0	5.0	5.0	5.0	5.0	5.0	5.0	5.0	5.0	5.0
10015338	5.07627227996806	2.4493381112324064	0.10341054550809237	2.940286364940463	0.18429398687062953	0.6365591285778898	0.1093844204850981	0.856500688364027	0.22808278987783143			0.7765098704947374	0.058126923860606756					0.011595251055025188	0.2868252388123007	0.44500253056714445	0.4116179022223004	5.0	5.0	5.0	5.0	5.0	5.0	14.5	5.0	5.0	5.0
10016186	3.92792643507394	2.5156039655441216	0.06517229066715552	3.152872184799863	0.11502461477158088													0.12326208926193495	0.25523245732504357	0.2434469915128529	0.4161393317322182	4.5	4.5	5.0	5.0	5.0	5.0	5.0	5.0	5.0	5.0
10016374	5.50325569707072	1.483721785317011	0.04599051424877934	1.8271155427671268	0.07365358923930568													0.0019448552787302423	0.1984699315388732	0.02641999484263803	0.2029068779994163	6.0	6.5	5.0	5.0	5.0	5.0	5.0	5.0	5.0	5.0
10035295	3.58892350772953	4.942687134365403	0.12462327471198416	5.54810563966619	0.1224450420644483													2.3468180228495035	1.0251168151847645	0.31965743505199906	0.7808704447000274	6.5	4.5	5.0	5.0	5.0	5.0	5.0	5.0	14.0	5.0
10056849	5.8142066790736	1.165407515131083	0.05901144356619327	1.4685701077459896	0.0954131925415765	0.4457531983284993	0.05092269701639918	0.5181690260168298	0.06552740245207557	0.3701013651957987	0.06304719990061193	0.4359038656089926	0.11573515425142696	1.418384273887018	0.055309609854975385	1.5806116484580095	0.1135267822506803	0.14000160205079973	0.14488600263469512	0.17994875426197707	0.16256551040385037	4.5	4.5	5.0	5.0	5.0	5.5	5.0	5.0	5.0	5.0
