ID	redshift	Flux (Ha 6563) MAST	F_err(Ha 6563) MAST	Flux (Ha 6563) JADES	F_err(Ha 6563) JADES	Flux (Hb 4861) MAST	F_err(Hb 4861) MAST	Flux (Hb 4861) JADES	F_err(Hb 4861) JADES	Flux ([OIII]4959) MAST	F_err([OIII]4959) MAST	Flux ([OIII]4959) JADES	F_err([OIII]4959) JADES	Flux ([OIII]5007) MAST	F_err([OIII]5007) MAST	Flux ([OIII]5007) JADES	F_err([OIII]5007) JADES	Flux ([NII]6583) MAST	F_err([NII]6583) MAST	Flux ([NII]6583) JADES	F_err([NII]6583) JADES
3184	3.46762	6.70070737675228	0.1071776531737628	4.75545803818744	0.1159885024505474	3.0318845949266198	0.1211941769504463	1.6430173511947184	0.0823927894088147	6.45397929004304	0.1409297397573232	3.839030186721201	0.0856646022160347	15.795758479645064	0.1382406234437399	9.822032237208134	0.0751587294615423	0.2501073983264673	0.8051303542704402	0.1074008624941794	0.5995778972444219
3334	6.70593	0.3397157973645652	0.0889237268223994	0.3844003749445763	0.0891157202607638	0.0143403926234935	0.0533477118049721	0.2600682546494495	0.0602926486059984	0.1488113126678747	0.0482985415299689	0.4072787112814163	0.0576894820431424	0.5248859975472312	0.0473769447387298	1.2784911838613635	0.0506144669034063	0.0375124046197951	0.09945549410897	0.0465103410256365	0.1209709005678316
3968	5.76847043540196	0.2422829972912097	0.042332600926741	0.2163691034101172	0.0611762886111381	0.1419235784733021	0.0675125035963973	0.0217524761093689	0.0630681505198902	0.2103822692350781	0.0613895287011499	0.2858266550512455	0.0626190552392048	0.6976414372828157	0.0768832194746448	0.811540772630919	0.0792983077671566	0.055255787334401	0.0716397674172201	0.0392391763899453	0.080660097395914
4197	3.748809	0.3775533676676835	0.5090252518411814	0.3604846613544343	0.6818749268425919	0.211412231182762	0.0804559569329648	0.2391939862672622	0.183094578585538	0.1717034260872905	0.0749357279170955	0.2152587725032672	0.1451308907965254	0.0287721811653421	0.0821788391375436	0.0637810357756144	0.1591651200688058	0.069541165235472	0.4986997170941095	0.0997962058013324	0.6678819010780419
4270	4.02261238702772	11.897098238939511	0.2687490628408152	11.7544776647451	0.2585390786599335	3.408560266738514	0.2186094519194301	2.8709171194029324	0.0760984853216334	7.02393155489462	0.1512653712863734	6.461835660057787	0.0715271291600266	19.832036680281423	0.1354418101256531	17.832987395760483	0.0701623017629253	4.584203669872212	1.9704750620836444	0.379613992316377	1.31131067920839
4282	3.599695	0.3976134304356485	0.0993088954130105	0.2314473089167092	0.2458704830620543	0.000435814553922	0.1072219229124679	0.4492417671619902	0.2045741389075935	0.3045979091255489	0.0887106539607577	0.7572667145587406	0.1888257059020857	0.435436662560869	0.0870155219748076	0.674223280730542	0.2070852455120196	0.134606797470057	0.1069555252164363	0.2394345237810023	0.1963601306934543
4297	6.712776	1.2570734992697308	0.097373689485768	1.6256195347689062	0.127117100000934	0.4024890872035437	0.0652257789542885	0.5119405335263134	2.213152272496921	0.6537767874933159	0.0565771457348715	0.9179949092093196	0.2011846484537071	2.2590801683084223	0.0554961077760273	2.828103027002481	0.1973457928570746	0.0595325102603614	0.1831233313097522	0.089130103081813	0.2396080161348314
4404	5.763688	2.265148697274586	0.0414833429191365	3.013509927501552	0.0793228158383365	0.8372153057713538	0.0452713211959699	0.906443752312814	0.1136634059897072	1.6054624955203376	0.0578240232276804	1.8140343015643092	0.0971775526154695	4.497814381756294	0.0567169163030232	5.0726813936248245	0.0953232829453403	0.1068222663135911	0.2869429339107627	0.0662882303851305	0.3771046604653091
5329	3.5873007444784	0.9147991671121832	0.0649021423854361	0.8699578970398166	0.0876463707325077	0.7340463795929072	0.0890013557846612	0.4440355759047866	0.0936080231444475	0.543356176641956	0.0734453633900533	0.4332096941590151	0.1148958759619974	1.3787082018957026	0.0805448762388642	1.5286141761205687	0.1490927408428969	0.0373151854939439	0.1046645422107367	0.1565038872104177	0.1520960461159972
5457	4.8631511339788			0.9020243639625376	0.0574995922835719			0.087627709002499	0.1016341431155213			0.3472380271454811	0.1103848129799719			1.4307607761021204	0.1082785322058257			0.1173449162581296	0.1183842493434114
5759	5.05189382127941	1.2886922429851553	0.0810773853988575	1.3814146270854115	0.113488513095973	0.1034843769228755	0.2743280263082184	0.2508076305808991	0.1723822472761168	0.8887490399530298	0.111911971521517	1.017257208199082	0.0894028929479844	2.6151386428870045	0.1417171545581249	2.04415818961093	0.1012637425633911	0.0332506774576235	0.1966355504218644	0.0660836619119354	0.2062911484511157
6002	5.93685818347379	0.8685578619738088	0.0390366612744358	0.9901732422737576	0.0481035838305878	0.249253442805071	0.0254806513689033	0.3205197816886688	0.0326060891957461	0.4999722657319814	0.026580176956342	0.6426280803348513	0.037822718653725	1.4613302451334436	0.0291495293233758	1.6796822386644783	0.0414801943460064	0.0361015729793628	0.120527076125932	0.0212756688442266	0.1496839191915006
6246	5.56159788939357	0.5847680542358362	0.0531480052391006	0.7235773436964954	0.038101192200237	0.373870399514328	0.0587533558434506	0.3595564337598844	0.0333509113638719	0.3980541976572215	0.0756787679203953	0.3281592665949522	0.0436050681861625	0.886605194415007	0.0642891551339164	1.140354369442708	0.0427730287570382	0.0240092347198831	0.1095036192383455	0.000895176821121	0.1055593366826757
6384	5.61541238216689	0.2041578442607665	0.0525630755233918	0.5537365544375329	0.1017927207304935	0.2838044655875156	0.0550357133594255	0.902934720764324	0.1601698644974001	0.1879485416151742	0.0490869610613527	0.6059334800494042	0.1180358875651702	0.4370417616675178	0.0481495228537691	0.8637490734680551	0.115783614685178	0.0416091667689556	0.0725144399087363	0.1527906878016639	0.1179786989160105
7507	4.04428024657048	2.15347931222943	0.0738155194373942	2.3790220709127463	0.1142654543352548	1.015787697839427	0.1044374012445155	0.725620127613499	0.0984379602494431	1.534767586420552	0.0865936525071777	1.2510936491064877	0.114348225626216	3.7743005112088825	0.0930360814226725	3.033901561963652	0.1003246047016215	0.1179126583198439	0.3225820224603229	0.2932096772530186	0.3249618141662559
7624	4.845	0.2152436175690735	0.0365525560431297	0.4613763058751868	0.0760123120601216					0.0456363164655401	0.152377262472111	0.2426685097120168	0.2158081772422538	0.2910784959181691	0.1364261859343541	0.639045738253953	0.1932459084092186	0.0565923816821636	0.0460524771673913	0.1837267361378586	0.1210377350898021
7762	4.14863310108243	3.059008613409876	0.0783240356542758	3.694590793335421	0.0531505095015675	1.1544145265920625	0.0426771111593905	1.149283019749152	0.0524878584191617	2.1556856716880843	0.0413135973711091	2.155924283927225	0.0581315405838359	6.081995318662637	0.0405207676347841	5.996375334719064	0.062464819512756	0.0916000970270117	0.4103003609922192	0.1318094648762234	0.452829434369188
7809	3.57819206358422	3.500433873753868	0.1354800447526385	3.7898685241250423	0.1092209632043486	0.8826060261810468	0.1462457095283591	1.3734912476413064	0.1928965654337717	3.283180521593412	0.1665750925859752	2.642687289607984	0.1437911303678477	8.126396287207577	0.1826595726042086	6.371077135560766	0.1576958041408244	0.2700154284406813	0.0803392827719783	0.1554816698946619	0.0953690399777005
7892	4.22872754610498	2.393399828894455	0.0336601884742088	2.6469802308994312	0.0528614473362729	0.8177370095123334	0.0533483845821856	0.8041356196415623	0.0668116921988208	1.7837044720321606	0.0471254991249883	1.7948532086844655	0.0514880879880716	4.828092809392365	0.0462242176506615	4.782980504011876	0.0505056306472596	0.0915570986760173	0.277443979375107	0.0528461288227237	0.3225312756724203
7938	4.80631123887867	2.4780984875232748	0.0473536351023488	3.241210682721002	0.0662190090826626	1.0175755526922885	0.0806967724444277	1.035833081862431	0.1285615882015096	2.2086646939641428	0.0909243390154911	2.5275525088493858	0.1296744754034144	6.296471883466911	0.0976947747150702	7.432191381444752	0.1272001236600341	0.0418568810676882	0.2785905240862277	0.0730676858898708	0.4387570369403931
8013	8.47315					0.2994317027651776	0.0511732119503104	0.3200597162770404	0.1012536996992674	0.2193061047978313	0.0702730080473194	0.4504835098129616	0.1821871310152417	0.873130555336841	0.0689265952076285	1.3781766128157424	0.1787107718948799				
8079	7.258982					0.053531135695799	0.0278347087573882	0.0999653232127284	0.0423905067894635	0.0714114066787396	0.031631466192917	0.0630298927481289	0.0427124414134582	0.0800631841830228	0.0310254225095305	0.0421854538067058	0.0468427557268735				
8083	4.6487198664651	6.882685781445805	0.2390696371899053	7.429146490845964	0.4452150977529435	2.5185827564809453	0.0636228238303414	2.678046204133758	0.0980373564621595									0.4869062736244977	0.8092819146875666	0.6185302997796143	0.9585741169913096
8113	4.90277103561231	1.50070997509397	0.0492522953925745	1.785848901591545	0.0617509557763988					1.2395353878961335	0.0785744663964941	1.1626223524936945	0.0571680120965624	3.894120065979175	0.0770700651781872	3.764914160213515	0.0560771746749655	0.0117716726939712	0.2047071756781455	0.0466500579049357	0.2282865422352764
9422	5.935895					1.636731919228461	0.0380575600882087	2.0122085686403404	0.0395104313786079	3.0032331542570225	0.036830712785932	3.836711536288453	0.0572423972576317	8.600456659473696	0.0362868016711448	10.420072296471975	0.0561501404737962				
9452	5.12243857379367	1.2892504002651357	0.08115074754288	1.6170853137351795	0.2038618801812663	0.282038346026136	0.1735074424252105	0.0108637752082693	0.2703886411198296	0.8933430891810541	0.1950698055497366	0.1836501512285688	0.3706464106842385	2.7323321513690284	0.2066471841610087	3.386297433232642	0.3635740119752356	0.1180341856182064	0.1523178282397962	0.202363752117673	0.3802702978244031
9743	5.44012039584156	1.589994031140164	0.1035753123186388	2.458099768946839	0.2178261259527634	0.0446546222930433	0.155327519317934	0.2045883148418776	0.2719292950015343	0.5929341276741454	0.0722180058556123	1.02835170443843	0.2007498170716072	1.660497371452914	0.0817962729600748	2.3590909540590563	0.19691925860348	0.144382033373914	0.2638206572754377	0.2533354752698735	0.4289342381019279
16625	6.630648	1.239285830250872	0.0555908753526994	1.881366747629852	0.082977023528462	0.3846844584574226	0.0311484917891255	0.7170493805815538	0.0633952293283155	0.5352104517423425	0.0270977354219023	0.6482464878321798	0.0421219170748001	1.5733646729671944	0.0297141295511613	2.220229202366101	0.045261796284486	0.0748603942926395	0.1611723432975436	0.1116046135867527	0.2317370555348379
16745	5.56655234405774	2.264128225169156	0.0383005068625625	2.169486970313029	0.0553420574586636	0.7224768166341623	0.0638001319636898	0.4363121096056989	0.0924125941020615									0.0853079465448417	0.2294152952725452	0.0994290072649624	0.2305174181274244
17072	4.70200977971638	0.5258357585009059	0.0454050963900026	0.6604888869856645	0.0469471573932962	0.0487196304867499	0.0686250050274035	0.1086854293464592	0.0819066687893463	0.264482887499453	0.0682212757698392	0.0866627043273821	0.0733769184442994	0.6659741764710592	0.0671634878903198	0.6912100635329192	0.0719767947460235	0.0857399211854155	0.0583106687953711	0.0726619507185	0.0661427672856634
17260	4.88512714601353	0.3383567386918954	0.0396563707434188	0.3482635123092935	0.0410309027144576	0.0507262252500377	0.0508614069720495	0.0203911029764609	0.0798804846981224	0.0106338352975181	0.0695702867533441	0.1559310092002792	0.070799468079616	0.2715248210620623	0.0622845218118303	0.2213874758376893	0.0760770478603707	0.034415813840569	0.0511012927672419	0.0012396406797768	0.0662528064740239
17566	6.101534	1.928954227849252	0.13874006410015	1.4559810485902378	0.0889652002139281	0.8179389728622941	0.111345902438669	0.5998067594127028	0.0680576727111069	1.6796861953980409	0.132916014149623	1.0625101048824723	0.0906356244841028	4.791611438590089	0.1166063080672473	3.259276659190306	0.0889061830133975	0.176761166221402	0.2591244836277749	0.0224578433053411	0.2169187637286114
17777	4.13366013096712	0.7105645400085547	0.0413540043901747	0.6094302093764552	0.0564043353737402	0.1745488099551154	0.0644770966926165	0.3271535091038355	0.0852674120709161	0.5909286557396543	0.0472529659320017	0.6311780956274965	0.0780517941256848	1.6400775681204005	0.0463461031121716	1.7266476003841906	0.0765624679319937	0.0444919166428491	0.0897001728783685	0.0319824997405475	0.1091106291467491
18028	3.73094591607022	0.543460406197157	0.0886860909552932	0.9164026362366624	0.1340068757856071	0.1960306008112222	0.0881620808452276	0.5020692817809129	0.1017800569831372	0.2524828639137502	0.0896123608259278	0.2129207810681138	0.1059879506709032	0.838766382950462	0.0786091420292454	0.705067871214676	0.1039655675480356	0.1457134089001226	0.1218682898469156	0.3247968846720588	0.192112881339545
18090	4.77562372049334	3.666693740037747	0.0534493173722286	4.402930610981561	0.0915804692408836	1.5487508699799657	0.1358471033636754	1.7014086241875794	0.1321014679715317	3.6958836480598767	0.1134594721276692	3.720312256683592	0.1432329916044516	11.58790370827182	0.1218909067929207	11.697279523889604	0.1404999263548034	0.1709835655428597	0.4221232972948965	0.0785259984469346	0.5274742709618746
18846	6.335054	2.982768614126829	0.070324266946962	3.625752930301682	0.0799206481079003	1.1508017376264683	0.0446692963949479	1.0961002764108418	0.0542135329175946	1.9053869816702529	0.0385630145905423	2.0005204392026745	0.0614583975167951	5.41205394642244	0.0378240380192149	5.848629166127357	0.0602856941565865	0.1637749203554901	0.3628508595651383	0.3493378654521712	0.4142552714784947
18970	3.72458828704365	6.233202744784901	0.1129361887360916	10.891855387114022	0.251372156582722	2.226761694078446	0.1109980976796084	3.490723015072008	0.2852248169415071	3.372091117442308	0.1597783530717578	5.852834262145341	0.2702292236965345	9.222470324765116	0.1401674569499004	14.485734983652174	0.2650729109473903	0.3989603406635265	0.6787214659581016	0.9133339660218948	1.2531985251719313
18976	6.327052	1.0027753718546206	0.0770017892586534	1.060032525613564	0.073831936644962	0.5859455796992891	0.0631245822822541	0.3656023269977563	0.050017862315559	0.5020284650147351	0.0500665509084031	0.534092787455279	0.0595369276347701	1.80297821419798	0.0549010420783987	1.7594481375207347	0.09233991225237	0.0044258812532767	0.154557234520403	0.0656089809658417	0.1993710003944735
19342	5.974287	1.7851975430455964	0.0777007629604564	1.2887135432657832	0.0656136268834914	1.0219652184098755	0.0773198495596394	0.5447229733314102	0.0599891895088372	0.91098585455374	0.0854281636523507	0.5686222009006745	0.0605944886616943	3.045038347315436	0.0837910978272092	1.94372158480123	0.0594382697666941	0.0071867148835038	0.2317126898110499	0.0452349489194011	0.1814897134950744
19519	3.60450973158305	3.64805083067548	0.063871550185892	3.466046337495895	0.0686359941635877	1.384451052847953	0.0459738861398667	1.3349578418267316	0.0682549008942152	2.6264319956494773	0.046193231200688	2.3746580654442293	0.0785910434868009	7.488289593044135	0.0453067120104921	6.901324347962137	0.068952669162344	0.1199160199618378	0.4569201730215154	0.1294304671948273	0.3986515094250989
19606	5.88913558713673	1.3369900973295668	0.0545895259087457	1.7057341716533534	0.1394602501146118	0.4899463275218442	0.0540336774577072	0.5880048191378463	0.099025029538031	0.6231744642436821	0.0670748127657452	0.9050266469582134	0.0963403544941575	1.96164543325836	0.0739388472602724	2.808730882583219	0.1056565146563559	0.0347338957924938	0.1804973018482447	0.0929178313789321	0.2991382431469305
20961	7.04457065169479					0.1268903359924803	0.0645857486954089	0.5099552211214218	0.0914404137438547	0.2407970659043835	0.0654663909513001	0.4721390706334484	0.0871690120967806	0.6066511263474281	0.0717929561250222	0.9990796308294893	0.0955982988908677				
22251	5.79838391626917	3.996193831280499	0.0939220021903366	3.4435825265697275	0.0733122810127309	1.533265726273562	0.105058816835484	1.1107840765262038	0.0750654214107244	3.234225076990412	0.0647299419495696	2.3724346017492097	0.0584857088677584	9.452353789572465	0.0634895189955675	6.648846868435063	0.0573697281379381	0.0228783948105702	0.5076373936487282	0.0881127731570705	0.437901813540809
10000626	4.46468607001795	0.4897148916224992	0.0256270952609663	0.6588472034092361	0.0452788052245614	0.2375575067438536	0.0496401884909441	0.3381542668221848	0.0714032299114253	0.1955063975566515	0.0511976271703393	0.1769953337915551	0.071054349918028	1.0588556123615156	0.0594153092814797	1.024887316567594	0.0763509292657602	0.040123589529249	0.0631780798917972	0.075139161667204	0.0903529904180198
10001587	3.43070237834676	0.2094619915414265	0.0495998110196496	0.204138619561348	0.0740280119781088	0.0248516893722959	0.0509315734594852	0.0091122875031417	0.0479278880333224	0.215935615290844	0.0331212048984369	0.1938127509006943	0.0428603923305974	0.392724113097471	0.0459453956342211	0.2096267206579933	0.042042562251418	0.1284795980340464	0.06524374192047	0.2697606595290263	0.0783042092138789
10001892	4.770522	0.1209464186757281	0.0255183260869078	0.2092178910719204	0.0301065770594348	0.0677890940932699	0.0792436457715762	0.0180851452840905	0.102101775655793	0.0136204951832986	0.0739925040323043	0.0866016412638412	0.0984533507804622	0.5105976401876412	0.0725657123478577	0.2493503483572385	0.0965747372800902	0.0194783833700835	0.0271225099220576	0.0462016662623199	0.0454937707883602
10005113	5.820838					0.1565943732195548	0.0314146758168605	0.1591440724330804	0.0446019032764694	0.3020327243216247	0.0362613681045384	0.3879300323732829	0.0517085811986185	0.9192363307471928	0.0355680353105845	1.3284234729097246	0.0567088267004631				
10005217	4.8883230178694	2.6788992028323584	0.03586948818904	3.49102721924296	0.0376347182929	0.7681862020993211	0.0442196430292633	0.9725401636754984	0.0616732999432758	1.0386759273350226	0.0574667694396831	1.20840813848255	0.0839244550887402	3.23332281277743	0.0563542956446477	3.808738428195167	0.0823230711532103	0.0223511116007875	0.3001371182962181	0.0127045430440637	0.4548039612412601
10005447	6.62257640301802	0.2302139190661442	0.0859207098592601	0.2527896638663746	0.1276752867600906	0.0020392628067638	0.0580078552196958	0.1695589303721345	0.0857761588505785	0.0748149907363655	0.0588201544911019	0.1435748798903914	0.0764277865371196	0.3265628507071801	0.0515957814217468	0.5103739761991914	0.0749694484465229	0.0777037362019989	0.10772943692457	0.0353579697076893	0.1384447225589763
10009506	3.59928686455817	4.272490659061275	0.0638485734622161	5.106128474279589	0.1096586097633378	1.8797954489187585	0.0541528304709638	1.841887582509871	0.0687932826510361	3.724928639415269	0.0576660690216954	3.807845952974117	0.0744443775117974	10.875546802589689	0.0565669922852233	10.60934859999405	0.0730238853547178	0.0874982681481267	0.5924077948771328	0.1055258361224894	0.6523838401418559
10009693	6.28599376348805	0.4020497479227548	0.085389162179732	0.7773699948258374	0.2222831348044077	0.0889809807566789	0.0799636536658618	0.0690842784124594	0.0885823790033419	0.0029640977265738	0.0640046001026104	0.0429161447617226	0.0912733492964425	0.5300380319921012	0.0627833120013374	0.5007676091036933	0.089531739235918	0.12817736537513	0.1006308891181415	0.6961769230838696	0.2227389959192835
10009848	4.37	0.0086460008090851	0.0500326991857449	0.1029663271499289	0.0725123050342046	0.0566111372094587	0.1033596449571695	0.2006340649908234	0.1267579087194134	0.096898559935341	0.0873337911691871	0.152784565035995	0.1295687625250897	0.080235712997169	0.0856538636780526	0.1293380458242574	0.1270964279161415	0.0119266816087216	0.039865780681149	0.1660836072998152	0.0691951907353285
10013545	4.03498294164463	2.6146272694193446	0.0635980441010258	4.907578328468384	0.0822382925602543	1.0891786462708568	0.0826016834054799	1.242699188089642	0.102135248850306	2.4325047225711423	0.0727533797421112	2.6987816880520565	0.0896051146538948	6.051267350129178	0.0713585214093231	8.186567173489651	0.0802370975959884	0.0852895679010127	0.365845941511181	0.0358289807747633	0.5221227224285615
10013609	6.928894			2.157249088235542	0.1302659718902117	0.6921196981313569	0.0886616271722418	0.6252227802850677	0.0812410345882365	0.922441341130406	0.0653479790341202	1.3201149816170317	0.117817584370244	2.9305224482274546	0.0573280019670442	3.590190793621995	0.1055000158434279			0.1502011775742895	0.2599388082808831
10013618	5.94372301071691	0.6852239273613967	0.0387260316101985	0.7469173609928017	0.0469515504789977	0.2831778626723501	0.0332660152158247	0.3052810805590888	0.0469928137866194	0.5057713000556602	0.0269104117730259	0.587013337916177	0.0346848435381899	1.2012219724683737	0.026394292932223	1.4077737726137716	0.0380388851472294	0.1037706163828351	0.0964914841637187	0.068717769982902	0.1082487624768631
10013620	5.91753186734937	1.078396122588457	0.0499585845735298	1.351993947224611	0.1054425582230221	0.3417860912557515	0.0574465857503375	0.5099019754431072	0.0684653208599862	0.7852897867371995	0.0455783033918887	0.9151320658536646	0.0698857264548463	1.875321632563956	0.0499790938631814	2.2768264070227264	0.0685522190814441	0.1347450231001787	0.1449439773418846	0.144307242344805	0.2027993367848866
10013704	5.919825	2.581660502128212	0.1175818961674489	3.2538637754102124	0.1475767667284031	0.9238708926842828	0.0398746180906374	0.966382171971862	0.0727581712551659	1.4035465659663091	0.034423005769221	1.797719907799847	0.0657639730228875	4.297813184880078	0.0337667305792153	4.8335604552621865	0.0576987055199151	0.4047733146538018	0.2736979362362303	0.5871485464614816	0.3353793243901646
10013905	7.197212					0.4825443900293407	0.0262504452478442	0.7577364538160732	0.078546073782899	0.5697801602884223	0.0369664218274209	0.6101304468276365	0.0686004576924609	1.8442135135448203	0.0362622629341683	1.976750305841666	0.0672914748601946				
10015338	5.07627227996806	2.4493381112324064	0.1034105455080923	2.940286364940463	0.1842939868706295	0.8424923038524873	0.2056169048299158	0.9360305256596104	0.2669723432057024	1.5419885094415815	0.2036807063922359	2.441636435252527	0.2726347407015073	4.8436380433653525	0.2157609144183763	5.692847524652538	0.26743252766863	0.0115952510550251	0.2868252388123007	0.4450025305671444	0.4116179022223004
10016186	3.92792643507394	2.5156039655441216	0.0651722906671555	3.152872184799863	0.1150246147715808	1.014572159076827	0.0496015977206926	1.2963587772828735	0.0879062188863928	1.789593544445636	0.0662666805986217	1.7683103994262357	0.0893976374020736	4.9917767638411705	0.0711984434884488	5.197122545999472	0.0876918182786744	0.1232620892619349	0.2552324573250435	0.2434469915128529	0.4161393317322182
10016374	5.50325569707072	1.483721785317011	0.0459905142487793	1.8271155427671268	0.0736535892393056			0.6414707788049613	0.0749171190749503									0.0019448552787302	0.1984699315388732	0.026419994842638	0.2029068779994163
10035295	3.58892350772953	5.286372962827385	0.0978469225150199	5.893237707219573	0.096910614909791	1.6993934021662014	0.0839730535094888	1.6865198056618322	0.0881670703270485	3.1817519290303364	0.0806983555823608	3.2079846063102453	0.1150716818948367	9.681698203711504	0.0885019266755107	9.325693650776197	0.1030411914140423	0.0422511631345066	0.7172000914401139	0.1079043589885869	0.7914529232938795
10056849	5.8142066790736	1.165407515131083	0.0590114435661932	1.4685701077459896	0.0954131925415765	0.4457531983284993	0.0509226970163991	0.5181690260168298	0.0655274024520755	0.3701013651957987	0.0630471999006119	0.4359038656089926	0.1157351542514269	1.418384273887018	0.0553096098549753	1.5806116484580095	0.1135267822506803	0.1400016020507997	0.1448860026346951	0.179948754261977	0.1625655104038503
